image_id,entropy
0,2.7907046717394195
1,2.4362011302785884
2,2.937242256576983
3,2.6404462720427744
4,2.7344855500424265
5,2.72724285680688
6,2.523154035892914
7,2.7468779742760274
8,2.9386473318032444
9,2.8950919064782403
10,2.7022634647838024
11,2.9560277035427585
12,2.7643566953411383
13,2.643924200959062
14,2.480409193323135
15,2.700522262901986
16,2.8739272259472166
17,2.7011862576741903
18,2.8758409302593884
19,3.0137052968155222
20,2.3607508812094484
21,3.1026650986158284
22,2.7255834225685356
23,2.927108942972114
24,2.9873704827031897
25,2.806607321324058
26,2.8112257470552775
27,3.225639626109985
28,2.8364245492725537
29,2.598522895441813
30,2.8078807610708463
31,2.448359645028488
32,3.003824867464069
33,2.4514411622039316
34,3.092323247743864
35,2.7741545392113527
36,2.755023049172108
37,2.3576377789633165
38,3.0195091948950292
39,2.9143417210289395
40,2.658281179062082
41,2.923000502698962
42,2.7769542801042566
43,2.666790099455809
44,2.632335827112111
45,2.594760146829462
46,2.794470430074358
47,2.535906482933128
48,2.931570385208733
49,2.5196585863566856
50,3.0444459968024717
51,2.5681911075570247
52,2.8330525973815943
53,2.628425034827518
54,2.934854896673636
55,2.9393608030102145
56,2.750372622780279
57,2.912175437161839
58,2.2999998916502014
59,2.6544389984976893
60,2.929229602799169
61,2.7528920656947924
62,2.9595987900282816
63,2.942628435833402
64,2.783731420519609
65,3.0354046456793107
66,2.130164255786393
67,2.60977208626737
68,2.890763613485001
69,3.096405274770594
70,2.326603428306153
71,2.9299420525514774
72,2.6543024342594888
73,3.0150373234342687
74,2.993332270160014
75,2.916491678204452
76,2.832963520494149
77,2.8554849257349995
78,2.86423845748591
79,2.8933338769317856
80,2.8946299019404824
81,2.713129364893305
82,2.850661719938876
83,2.8727864007342854
84,2.2514197919089116
85,2.4864087500751255
86,2.877325135769084
87,2.783902597831384
88,2.6143740505402366
89,2.763099828179318
90,2.7251033098521535
91,2.8833328556837388
92,2.884501652636357
93,2.429394853548673
94,2.787008218271018
95,2.8289459910301193
96,3.0668167683060865
97,2.730139599421423
98,2.9122616383609974
99,2.7748189365111915
100,3.0839093949365335
101,2.599972222830512
102,3.0384010072536025
103,2.6766414961326706
104,2.777239193838124
105,2.823750804131995
106,2.682130518847098
107,2.293047317031203
108,2.65054908792219
109,2.786100461406358
110,2.666385046855677
111,2.7917321491399614
112,2.890127369724601
113,2.928268544093224
114,3.138581734631865
115,3.0279439789216545
116,2.7640504045686707
117,2.886814356270645
118,2.7559390427959247
119,2.6236919684968947
120,2.3538467441509083
121,2.9482910537733105
122,2.6909656956611627
123,2.619657437384255
124,3.0037512627910057
125,2.8666088843878823
126,2.8598492699749043
127,2.5322989562452825
128,2.710349744363465
129,2.9033967995531573
130,2.885130474109769
131,2.8126724382749737
132,2.661925535637092
133,2.4138914608722866
134,2.659372917495308
135,3.072957513895612
136,2.8472134245734253
137,2.831177155812676
138,2.621931764940138
139,2.9007545577113096
140,2.9048707976349344
141,2.2999068975751955
142,2.557105238524458
143,2.9669738663791403
144,2.9136578335690824
145,2.9632953415114223
146,2.4951219591331464
147,3.157377377668457
148,2.897757605508028
149,2.9462152522505813
150,3.092600551616768
151,2.6845299036608896
152,2.65507105045668
153,2.9935302145947595
154,2.779302505092916
155,2.9909332218280524
156,2.9805695950332103
157,2.823921897220032
158,2.6861656674425265
159,2.3860486020726976
160,2.806544201403146
161,2.859849480713233
162,2.6139416280887198
163,2.7811896111194416
164,3.038011709007127
165,2.607567044970673
166,2.8310989584806263
167,2.9003858810284937
168,2.9659543130829498
169,2.2965072624009317
170,2.799002040583086
171,2.2253844493297095
172,2.2395951819723363
173,2.9397942058191524
174,2.736728114960478
175,2.534969370487123
176,2.9492160224262824
177,3.015576263431266
178,2.9043620715070793
179,2.440716853114251
180,2.6896625486020254
181,2.6695854305604603
182,2.7085918413169865
183,2.85071865856118
184,2.782944348491692
185,3.098799459751177
186,2.5859209115315225
187,3.114371830792197
188,2.666845105174099
189,2.9545872593553
190,2.4871008536979358
191,2.7234403917174332
192,2.840882128928128
193,3.083541413695839
194,2.944935615426404
195,2.6441573042323223
196,2.8412004705706493
197,2.786208580304366
198,2.9446079319953675
199,2.5904729519290677
200,2.79105808640786
201,2.490953380482936
202,2.7221040443681583
203,2.491961781387193
204,2.8665706828703743
205,2.984979259358234
206,2.7116232387643078
207,2.929862424897963
208,2.724690239603384
209,2.9669059803309006
210,2.8926960234050645
211,2.654078624171042
212,2.8796615700520682
213,2.735348328903227
214,3.1219696152586334
215,2.8262924440640997
216,2.8603788643581614
217,2.9034946100822348
218,2.8656924579575667
219,2.9458920755822824
220,2.6961594373221303
221,2.800058526296332
222,2.920608121993966
223,2.7774058813163616
224,2.5527707671991346
225,2.9673793884333293
226,3.15157226395977
227,2.8605335094467703
228,2.379606652223424
229,2.621705725737453
230,2.8021801046477948
231,2.617924295871308
232,2.8281281188008065
233,2.9511200761265606
234,2.6609408453560426
235,2.8416012569838545
236,2.8516459436517447
237,3.1248012290186553
238,3.102307681125674
239,2.6968258512400762
240,2.510011880621724
241,2.3502173802962947
242,2.6071364104582315
243,2.68865061632833
244,2.9066455101073245
245,2.809751717677419
246,2.615060615091169
247,2.876908800069049
248,2.813343127690483
249,2.8046345380277975
250,2.9754075334834935
251,2.8550500554901057
252,2.2856548578527733
253,2.985317338492388
254,2.831666506135895
255,2.546396567935909
256,2.688200697883002
257,2.821924965529916
258,2.9260197228882054
259,2.9357239845003766
260,2.5892239848969045
261,2.6769560483058172
262,2.893425001994208
263,2.8988831142912304
264,2.7082019923368845
265,2.866034507225101
266,2.9781324373629188
267,2.789218782433248
268,2.694358657292782
269,2.895793572866831
270,2.3044805005792792
271,2.594499591541153
272,2.837251449546595
273,2.79489269299607
274,2.9165417123355977
275,2.830737186871283
276,2.6140191095157697
277,2.812397659961085
278,2.824999331888853
279,2.6301873785497785
280,3.01108196842419
281,2.793525965733862
282,2.6698188742804323
283,2.512563036094141
284,2.9471516489615532
285,2.354095977041973
286,2.9492679619531637
287,2.916468757215969
288,2.7289480637645513
289,2.88961622157837
290,2.3135780299348934
291,2.7240152962872033
292,2.8867273022262405
293,2.794455036152582
294,2.9077811643377904
295,3.1686568823852745
296,2.8736516799466796
297,2.6389062891693196
298,2.891097111000893
299,2.77484853471915
300,2.871619490721986
301,3.008406810052193
302,2.884272312941319
303,2.4276913822758215
304,2.6644726028763874
305,2.5117972458367346
306,2.6158296312810263
307,2.786507801139357
308,2.9324434473335086
309,2.5630700065646903
310,2.825179455767138
311,2.6540095839997453
312,2.7389838930053414
313,2.9953517028395518
314,3.0174286968968564
315,2.88733045421907
316,2.6196399692182215
317,2.7710009628123653
318,2.939469715068578
319,2.783378981921081
320,3.1231900038516884
321,2.6835537188466865
322,2.383976487534126
323,2.6975401898065563
324,3.1030110000805298
325,2.758396881149668
326,2.9152694010309417
327,2.967503891256439
328,2.8168447834829773
329,2.611058203408354
330,2.2069829414136333
331,2.8841151108446006
332,3.0513984554567504
333,3.061215256514397
334,2.8957633381007164
335,2.8619757800786885
336,2.871331961447228
337,2.953749740833528
338,2.578741953613538
339,2.870700728488916
340,2.280335345635527
341,2.7356808190671535
342,3.1203847720516804
343,2.8851473878457616
344,2.6284666856781187
345,3.0473869995532077
346,2.961522611560755
347,2.9669918208184973
348,2.665312686494541
349,2.943354456782632
350,2.616898517528187
351,2.4883525008531
352,2.447296215394073
353,2.8254258915999118
354,2.735840642580915
355,2.932389304032836
356,3.033253672099489
357,2.793369594476628
358,2.91547986757743
359,2.938206743404352
360,2.5357591307573526
361,2.8705893162582177
362,2.7645704153706694
363,2.5894840458409507
364,2.398617049212832
365,2.7966696897552263
366,2.6857448057932247
367,2.8045982824037976
368,2.6774084721015643
369,2.780516071972832
370,2.9664518451420454
371,2.432610098474708
372,2.56210466531433
373,2.9010378344063024
374,2.7661909341369446
375,2.820149540095158
376,2.980871458489489
377,3.140768670428928
378,2.519977124482965
379,2.7797801285790427
380,2.51800932416643
381,3.0787797755473627
382,2.863205071259756
383,2.9024853902044474
384,2.6278148397540493
385,2.8285375078975816
386,2.9280370472842385
387,2.65380230252794
388,3.020216252423734
389,3.131864820534945
390,2.9524522073500794
391,2.5819196104197295
392,2.632856463026983
393,2.6993155160724474
394,2.5963997561288417
395,2.3936409117782556
396,2.753272299454147
397,2.7050933639413306
398,2.860171087622545
399,2.892206521489591
400,2.8560264108719857
401,2.72766330316351
402,3.026770729436727
403,2.6708172287353475
404,2.9978508599136475
405,2.827248412886197
406,2.6459410203844267
407,3.146333633475109
408,2.7370326559709612
409,2.497065087620881
410,2.7748136109628114
411,2.767342415300247
412,2.895681786618833
413,3.017042282360133
414,2.796169317430194
415,2.5212286460948454
416,2.9795207874085117
417,2.6570208020121906
418,3.0710081593494274
419,2.9445573332086314
420,2.4283486688219003
421,2.9090510111885113
422,3.052074729426822
423,2.7920531904414805
424,2.8077195658478273
425,2.219209546737912
426,2.8366688552224737
427,2.803647833849381
428,2.9006961103666304
429,2.79039085666962
430,2.951618845321195
431,2.604980540858632
432,2.8215428506645166
433,2.7747839916987713
434,3.0575550691125337
435,2.943671548072958
436,2.8247047174505457
437,2.909776125662738
438,2.3255905543900313
439,2.452064141962329
440,2.529354789272809
441,2.7618560271774095
442,2.622510560631995
443,2.6116867436068407
444,2.826611182380037
445,2.954654648758453
446,2.4854465947311803
447,2.7196715202144572
448,2.951081142381823
449,3.0617339418880634
450,2.6930130419047416
451,2.7284864020450397
452,3.090319892728219
453,2.980903492728034
454,2.8734251221903175
455,2.713075080023623
456,2.6463219728799423
457,2.8463962341611913
458,2.9621588844341304
459,3.102307773430976
460,2.9285559452180525
461,2.7218772538898426
462,3.0234920132436733
463,2.8773474687253655
464,2.8700929847123016
465,2.8939386742643527
466,3.130067207768002
467,2.825508643453272
468,2.4898908401616753
469,2.697571070212915
470,2.976911482702539
471,2.663581677432623
472,2.500979359237564
473,2.718487416738041
474,1.9872602743180565
475,2.7860847807288143
476,2.6841185994267693
477,2.5493047043663606
478,2.779254979522861
479,2.4431987086458795
480,2.5762253899083247
481,2.8720185446277102
482,3.0964853012676206
483,2.8374854351834164
484,2.5066027955213364
485,2.8258845523563125
486,2.937037588372293
487,2.9606911798462705
488,2.738659567884198
489,2.4615699551901384
490,2.498001230136753
491,2.860694715791806
492,2.8546626340715475
493,2.9646617228374677
494,3.1053200283493516
495,3.010978293219163
496,2.78300269632462
497,2.5769237613121634
498,2.960482754097395
499,2.737312095086411
500,2.8949857558496404
501,2.835013575073277
502,2.7814807672609003
503,2.8823372074067257
504,3.1931300302996104
505,2.9402875005757125
506,2.6883892625488004
507,2.8104925507934193
508,2.591383844527947
509,2.32733330922787
510,2.681118640364895
511,2.9659847900661602
512,2.825464703423861
513,2.598915774611392
514,2.9752187897088698
515,2.8688046153452773
516,2.3129987504099696
517,2.677470935005922
518,2.9079688957686467
519,2.8605778858933064
520,2.829252087605324
521,2.766995185367123
522,2.8098673975766575
523,2.950103043202549
524,3.0144123054193526
525,2.76713478673408
526,2.7050676183788425
527,2.6090531233468974
528,2.592965799985489
529,2.582168424129493
530,2.969251955791404
531,2.7914723204292042
532,1.9301005405389082
533,2.4967907425014215
534,2.5926705316811574
535,2.67841152660815
536,2.7475968935309956
537,3.0714463412004
538,2.7309863678399036
539,2.922980596486325
540,2.757283524382444
541,2.89969816562118
542,2.684285799671854
543,2.768149999160936
544,2.497344230393428
545,2.5663530865567905
546,2.877599010745875
547,2.8633643095154184
548,2.9074134458857612
549,3.0409229884180795
550,3.098973844302744
551,2.9109188060676874
552,2.941875553541766
553,2.8040769672418593
554,2.5166575584163957
555,2.9180392232808137
556,2.6296145287833337
557,2.800863977601044
558,2.8077361544521233
559,2.7990219445465194
560,2.801108727345936
561,2.8485077384148916
562,2.74751617134656
563,2.521185640636872
564,3.0155496942933873
565,2.8077910476173153
566,2.946085120709511
567,2.6692437371723003
568,2.7833410601773965
569,2.6597556959128945
570,2.7941517515447902
571,2.4296595829526484
572,2.4757323728262866
573,3.0507060190942994
574,2.953187361228321
575,2.906123733990742
576,2.8239186114752415
577,2.8866974505624032
578,2.264934622025529
579,2.8084871970073046
580,2.498429023244381
581,2.397057199865525
582,2.9819284988479033
583,2.8725023119654534
584,2.6236990209014284
585,2.5682364118462515
586,3.0062016469902324
587,2.9903173305882476
588,2.713685980051078
589,2.86892259273567
590,2.9286353793348243
591,2.7560814094534565
592,2.8770022304660325
593,2.405723159027049
594,2.5674322796525915
595,2.8631880836890646
596,2.9761036538618475
597,2.7664726106701973
598,2.5320213561143547
599,2.9110658758842396
600,2.704629563022048
601,2.81580797943286
602,2.629779688527457
603,2.954660280699237
604,2.8367843183449954
605,3.0589526876676607
606,3.021586435977755
607,2.656662322464048
608,2.6284498806195913
609,2.8601777313041943
610,2.5693162595744097
611,2.815283130459468
612,1.9040027063737412
613,2.7020347951997064
614,2.8594943809905122
615,2.626167935482322
616,2.1732261308121057
617,2.7961444842583147
618,2.4124703333527795
619,2.82668985605335
620,2.662858633798685
621,2.8893213780176823
622,2.6382167127837914
623,3.0690801709892286
624,2.8964048259190998
625,2.9053720012269406
626,2.626380985997234
627,2.80932488484937
628,3.012301617698059
629,2.7151586586371868
630,3.1318595448318165
631,2.882068734464035
632,2.6667210923527844
633,2.90682156111741
634,2.7827127800977762
635,2.7244293425451187
636,2.963928928980076
637,2.9099214388705237
638,3.0680849261960352
639,2.6711768114303878
640,2.8369170788641114
641,2.8217790610933795
642,2.523577885903547
643,2.9304963109934756
644,2.5110182816707267
645,2.4561927384480953
646,2.7390672958840003
647,2.888678382216228
648,2.8163509402889053
649,2.4991031680492157
650,2.6922694506307443
651,2.8190312678177962
652,2.200264011384999
653,2.776667337649282
654,2.6320859803482173
655,2.760329548685606
656,3.0900942346111573
657,2.621794256472895
658,2.7789409044184175
659,2.8382632789264357
660,2.843219648110397
661,2.7980121467731176
662,3.041525586185208
663,2.9200801029062666
664,3.1211276090403555
665,2.7099653318589945
666,2.937603005480279
667,2.8394788876248525
668,2.787286596939269
669,3.118278505544432
670,3.064161079022474
671,2.759215643423494
672,2.6867490400643512
673,2.5621174733067913
674,2.4539807173371795
675,2.0868577434070783
676,2.6184818500789433
677,2.4953985496890656
678,3.0595674071338026
679,2.691402405873075
680,2.874987759694776
681,2.6977371792571057
682,2.709244111294121
683,2.7228311948050035
684,2.49304396468192
685,2.8236301996843305
686,2.5806096572818196
687,2.857377846300192
688,2.706828722264359
689,2.8416609922496896
690,2.6491553391219003
691,2.570295852492466
692,2.7966219834224333
693,2.701225746155354
694,2.7499798715252477
695,2.9249283569858235
696,2.885817289266304
697,2.869603040924717
698,2.7135234217255477
699,2.7988406874662677
700,2.6284452052996348
701,2.794700607958576
702,2.730708952100529
703,3.1501804319268127
704,2.770809632173565
705,2.9566039187119766
706,2.6904288384589394
707,3.089406957428188
708,2.9494280534926443
709,2.673474154288244
710,2.2864645668211465
711,2.93945958597079
712,2.6952182217939207
713,2.9986325413354997
714,2.8865621075835235
715,2.867376041424697
716,2.97455026033451
717,2.691783118530022
718,2.9939354557610964
719,2.9017551185727353
720,2.670353587113424
721,2.8505488445727054
722,2.7287395253695865
723,2.868251513882484
724,2.8025464972697076
725,2.7442438893576115
726,2.722970532485662
727,2.7030580203885193
728,2.7307751136389986
729,2.4814873108564446
730,2.6154564983417585
731,2.536429769663974
732,2.9266318930256494
733,2.722900730331809
734,2.9544279868793453
735,2.6260408159372224
736,3.045969717284612
737,2.881840734810307
738,2.499652943578478
739,2.69899793178081
740,2.701397467628352
741,2.9546172612429196
742,3.0675885665950196
743,2.495195906989816
744,2.928140018465963
745,2.411017508350457
746,3.010224706269255
747,2.8422355738759535
748,2.8851323123277606
749,2.693701930784032
750,2.808951714490078
751,2.3726561944389126
752,3.2154558229492674
753,2.870256068372392
754,2.440080065903186
755,3.0005119418971953
756,2.812042634703761
757,2.823842867647716
758,2.8774966823525703
759,2.397514287486545
760,2.905071204346843
761,2.7057073514956373
762,3.0853680170775504
763,2.387174160256272
764,3.1134405234960068
765,2.9342510510093076
766,2.9783395301164806
767,2.846906903634951
768,2.947447945871828
769,2.8383342960942954
770,2.5719207057986413
771,2.4097825081043833
772,2.705337494028068
773,2.5507826540874534
774,3.0541511466426154
775,2.752576425411035
776,3.0054183012037154
777,2.858160861847278
778,2.536985155851574
779,2.646210841343006
780,2.075974696252405
781,2.5645944857455074
782,2.8586014727213795
783,2.8899106801922945
784,2.8086250428374995
785,2.9731094565713705
786,2.0722311081801674
787,2.832933577266869
788,2.7555922035337432
789,3.010362900975262
790,2.468252480414649
791,2.5475405518256693
792,2.822282496546157
793,3.0401869203152017
794,2.8296401614131965
795,2.6020209185375336
796,2.5895180191105545
797,2.910918169511753
798,3.0005771527403704
799,2.6481321156558186
800,2.8573684232465073
801,3.1086483543519745
802,3.0308114412030633
803,2.603166634159681
804,2.3952136339075274
805,2.744748333589802
806,2.603246022332421
807,3.1449224669952067
808,2.6450576451484444
809,2.79129183971319
810,2.7910787916792064
811,2.7343235597772226
812,2.5352334289397076
813,2.771060521833368
814,2.6069625486572114
815,2.9193807473504485
816,2.5939227720617004
817,2.826144016618668
818,2.0056095508803806
819,2.8740739562093256
820,2.5090189007090555
821,2.9596453922977424
822,2.786053953879604
823,2.9877949876716974
824,2.9335906596125794
825,2.824185148654794
826,2.711146764020006
827,2.892395726715308
828,2.6328312363814503
829,2.7987806009100864
830,2.8414973719356755
831,2.9149782809436604
832,2.720535661745205
833,3.1260821976864985
834,2.863361426787801
835,2.646842912505158
836,2.9596917044049795
837,3.0720678067994927
838,2.6952659957789504
839,3.002426494829471
840,2.7838955867926183
841,2.580640203321081
842,1.9793239544104608
843,2.5774476358780065
844,2.911733226701617
845,2.7651343760055798
846,2.5365697499182187
847,2.7573072441233673
848,2.583224302905819
849,2.5606166868914713
850,2.557621321446337
851,2.919503936071394
852,3.014863813533913
853,2.849744032211649
854,3.0802241796855188
855,2.9177210058557423
856,2.969858355892473
857,2.7175994449882914
858,3.051620573557251
859,2.9662338160002815
860,3.0066966462216485
861,2.3673862588378243
862,2.522602581308807
863,2.979590908537571
864,2.9556500864299697
865,2.880960012502751
866,2.9721734190317597
867,2.5001412767288964
868,2.709384598720254
869,2.836283164103533
870,2.8612473034656065
871,3.120391718256696
872,2.9312652740332203
873,2.447783857654628
874,2.8749375867437807
875,2.614960057394947
876,2.7241479589998248
877,2.601729653075567
878,2.98986314211617
879,2.704262694919986
880,2.629410237354996
881,3.0817591595858036
882,2.2452275690788985
883,2.7331518826489436
884,2.7936525656142566
885,2.6859712439870465
886,3.03050737036332
887,2.375574093899683
888,2.9305373558155257
889,2.4540212962311294
890,3.0224716144931074
891,3.004489776850174
892,2.5519297244955714
893,2.8639968301821725
894,2.9880631158365287
895,2.92290656574558
896,2.9735156317255163
897,3.0047551160132446
898,3.007490903746904
899,2.4389735725125012
900,3.0935938926737325
901,2.442396610202069
902,2.442416135991604
903,2.9837153437145427
904,2.5073393246538203
905,2.681658125257431
906,2.7826455037245292
907,3.115018475132992
908,2.6314449424298187
909,2.752369428711534
910,2.917146432635337
911,2.9206814328385136
912,3.0392301659033008
913,3.1375172129550495
914,2.8595692644232718
915,2.827715008425833
916,2.906067398791968
917,2.456526360151613
918,2.855679084774152
919,2.9278752563223476
920,2.9563708964103688
921,2.642795734810618
922,2.9024259246035227
923,2.714362945046191
924,3.0157458800309715
925,2.755264936811556
926,2.9098271726506164
927,2.9391605860879872
928,2.9407308258904754
929,3.004877650468218
930,2.911402699876117
931,3.0353620531836216
932,2.843757279323285
933,2.8855135569177404
934,2.8494241232217288
935,2.765818797546313
936,3.082405576082312
937,2.696942462462327
938,2.8328449431788503
939,2.068880048639127
940,3.096284496918612
941,2.9441465509582048
942,3.0363087500882626
943,2.80678387233281
944,2.410566908861227
945,2.8912224886983413
946,2.944221829216532
947,2.85525705467922
948,2.6085287187026203
949,2.687176673484962
950,2.859983313463976
951,3.0984266384386823
952,2.725597645335955
953,2.817994908340826
954,2.4189790742765873
955,2.9607208704238657
956,3.008432239101765
957,2.636211534352401
958,2.7116617201764623
959,3.0961828211299025
960,2.797085634007696
961,2.854347931305227
962,2.8407715341011017
963,2.3953171686507195
964,3.0761141981245346
965,2.753433995094376
966,2.769203382272944
967,2.7797366870774507
968,2.905027465650688
969,2.9552667880874144
970,2.864021034684108
971,2.833985797370538
972,2.7351456207363305
973,2.9912307284068236
974,2.592585186851449
975,2.3614543149382423
976,2.847520980347562
977,2.663304513022436
978,2.7199287437728135
979,2.7812259939794948
980,2.8705441060783556
981,2.869072522415785
982,3.1890683999507505
983,2.5048577398620027
984,2.731007040832847
985,2.614614885376342
986,2.803227663138214
987,2.934487083737299
988,2.809354999843401
989,2.920909055672161
990,2.318971744047208
991,2.514075648775049
992,2.573933055748392
993,2.6797243214107613
994,2.5612381949799214
995,3.0451061018376384
996,3.099901772135007
997,2.660184021143675
998,2.8398525398765115
999,2.833352096608336
1000,2.9397008104820745
1001,2.4542752358591016
1002,2.6842554596060246
1003,2.6848763579982635
1004,2.6053149844888592
1005,3.0787581336801115
1006,2.855588587773735
1007,2.6380067340105398
1008,3.0789227863775976
1009,2.8654985779345465
1010,2.587894582080756
1011,2.656070612444646
1012,2.876870405589317
1013,2.292097636656882
1014,2.967748263972702
1015,2.7340121586737482
1016,2.9836935520245538
1017,2.9292353132725224
1018,2.9555317135493713
1019,2.7299092886512186
1020,2.7676364151995463
1021,2.715982527754951
1022,2.7609681054747743
1023,3.071587533412054
1024,2.4526271112879026
1025,2.5832662357795235
1026,2.9259128551599205
1027,2.7671693616284156
1028,2.606225004993211
1029,2.637128978378656
1030,2.6838818088920875
1031,2.626345618066883
1032,2.569834859868208
1033,2.928887084819391
1034,2.883116285938392
1035,2.874711989322491
1036,2.9380146498012536
1037,2.6865082816915735
1038,2.929060898536985
1039,3.081238673147979
1040,2.353117289122789
1041,2.9181501242780237
1042,2.9285210973522284
1043,2.841560101641398
1044,2.8855982805906604
1045,2.8769603778250654
1046,2.822857855267093
1047,2.89491600274901
1048,2.67941952396619
1049,2.772832968383691
1050,2.858900996713242
1051,3.1585888129398567
1052,2.8825520577295425
1053,2.7996985003524304
1054,2.8663160577035365
1055,2.8516407854400976
1056,2.6196214555341677
1057,2.9601467012421643
1058,2.6047008543592414
1059,3.0487717318553376
1060,2.9360697871131514
1061,2.7675432483667617
1062,2.9195221008555508
1063,2.9057273681071503
1064,2.8434139480771967
1065,3.0432294700121503
1066,2.571146292256483
1067,2.6003249801191233
1068,2.7466057574814537
1069,2.8598838220277027
1070,2.528412310260969
1071,2.388164600437881
1072,3.0202678646075993
1073,2.9598407554015056
1074,2.8427265439251284
1075,3.099590922589356
1076,3.0446963252828456
1077,2.825824031333841
1078,2.7057614047844387
1079,2.8181459020495248
1080,2.61808547183486
1081,3.0416994226133114
1082,2.68142127727682
1083,2.7511207143009613
1084,2.8719418806039982
1085,3.090420865861785
1086,2.5116926214087307
1087,2.732817008011423
1088,2.798958388267496
1089,2.5819356086249434
1090,3.138246564642462
1091,2.6151499415520827
1092,2.949501082094748
1093,2.5187625098562556
1094,2.2600506247320626
1095,2.9093085110931147
1096,2.8856294720226363
1097,2.9883336528689526
1098,2.7550945645583567
1099,3.071890892029573
1100,2.8014108024000657
1101,3.030586386731424
1102,2.746445569143446
1103,2.845849899599272
1104,2.8805318644963616
1105,2.620866438808727
1106,2.617361569814303
1107,2.6860315821370664
1108,2.74042259171337
1109,2.7925887256195003
1110,2.9903315099289993
1111,2.897691456624316
1112,2.942872328429887
1113,2.776657651697018
1114,2.9139692392990515
1115,2.808251180063201
1116,2.787370507556134
1117,2.979128013090316
1118,2.8752357039553544
1119,2.7355651791260795
1120,2.814857030522757
1121,2.9339215903486418
1122,2.8324714305588223
1123,2.9724613784160163
1124,2.858482490665311
1125,2.846013641335738
1126,2.884747442539147
1127,2.751657554036096
1128,2.597392542477938
1129,2.8066638425919996
1130,2.2223962188526776
1131,2.8756757994234436
1132,2.5428411917186096
1133,2.845712393833959
1134,2.6951660895191836
1135,2.7071037811352774
1136,2.8613546178606146
1137,2.858091212868286
1138,2.7195901355025502
1139,2.947596601341687
1140,2.970053420940813
1141,2.664848286459635
1142,2.75680083385958
1143,2.9739952722886978
1144,2.839421824447883
1145,2.502094282333465
1146,2.694104356753204
1147,2.3819061876305576
1148,3.1570918759980344
1149,2.3526857477466256
1150,2.9177470382099893
1151,2.945956544883
1152,2.7951351826014856
1153,2.849160914927195
1154,2.9213936339048923
1155,3.0670166445431155
1156,2.7600078278950515
1157,2.8576376414102933
1158,2.910308029288304
1159,2.8963712386212417
1160,2.762378998651
1161,2.437743708359982
1162,2.740312342001456
1163,3.028611657304839
1164,2.570589881840108
1165,2.417241442209783
1166,2.7385191607917894
1167,2.6419639315366226
1168,2.7011295701476468
1169,2.8186041139014306
1170,2.3576669235998415
1171,2.805826593880019
1172,2.8144637641117334
1173,3.1407631728272465
1174,2.0967085155743415
1175,3.0789140690646835
1176,2.6336354782540687
1177,2.3046798018638226
1178,3.1643006157578375
1179,2.3925011248392627
1180,1.9978096423368124
1181,2.638452007217162
1182,2.7942845143397563
1183,2.8594785120638218
1184,2.767744351625719
1185,3.0160417832080717
1186,2.6199818079239305
1187,2.972216090743507
1188,2.8368549716291436
1189,2.611782793900099
1190,2.7458217728187195
1191,2.9183863672437105
1192,2.2905800049702187
1193,2.8588422860868024
1194,2.7667582201134095
1195,2.8293588810114207
1196,2.7559417081525694
1197,2.780473471019468
1198,2.5151416487017455
1199,2.3814575484201645
1200,2.823536842959685
1201,2.644052153613531
1202,2.805260000318184
1203,3.018653947214658
1204,2.745684640875985
1205,3.064046632621989
1206,2.968979113651025
1207,2.677191035066325
1208,2.990984923260494
1209,2.8309404578194486
1210,2.7389290054408395
1211,2.6756253166427637
1212,2.745157040298251
1213,2.7754171648798405
1214,2.4578486868173735
1215,2.850231217858707
1216,3.096486030207737
1217,2.516191128918603
1218,3.0138792868049715
1219,2.8786423557856886
1220,2.629575510063614
1221,2.663428942963461
1222,2.7925457587356775
1223,2.7491179918993356
1224,2.0566621378610854
1225,3.2079213924749115
1226,2.5199922428616564
1227,2.9300346357728535
1228,2.372092323752594
1229,2.6202186568392913
1230,2.884424548448217
1231,2.610568506468469
1232,2.6779946608391447
1233,2.6564656704713343
1234,2.887071937746816
1235,2.9539973955263967
1236,2.884305188107143
1237,2.770314675958419
1238,2.861835760369387
1239,2.9656037278824012
1240,2.364668867306525
1241,2.611813673875415
1242,2.8410959660391044
1243,2.5080808879139838
1244,2.416785184002934
1245,2.7382574915469733
1246,2.5291125253583266
1247,2.9912484756401057
1248,2.7023356432651373
1249,2.623129117224638
1250,2.705578836355617
1251,2.64630267997092
1252,2.454473310383375
1253,2.822109867822337
1254,2.7312967255509206
1255,3.0961416968888757
1256,2.9046837348762153
1257,2.44332254644585
1258,2.990150575447475
1259,2.906826226740361
1260,3.0428171825948858
1261,2.505645669239396
1262,2.916418385938056
1263,2.8958378345183027
1264,2.6884442874356416
1265,2.860282496788202
1266,3.020973834360425
1267,2.748772931693283
1268,2.9977518145812665
1269,3.0036212769374657
1270,2.925688436200574
1271,2.634026240988281
1272,3.0225197320527264
1273,2.8412692660597236
1274,2.832355967103297
1275,2.5313358772563954
1276,2.9765149133511444
1277,2.9440472057517684
1278,2.6333480721781517
1279,2.892096285919461
1280,2.8690367790649254
1281,2.4711407209190996
1282,2.5319232807891914
1283,2.8094099917191118
1284,2.7937139587712276
1285,2.9412071679297
1286,2.9038384192478324
1287,2.8592383259260394
1288,2.8054512451926596
1289,2.6162937855220254
1290,3.040923945914588
1291,2.5565734223881953
1292,2.9620529618032254
1293,2.973032931133607
1294,2.696693527337958
1295,2.739381428989318
1296,2.5417727652681554
1297,2.6250688860828673
1298,2.444001638006293
1299,2.654967852398759
1300,2.5016745610102857
1301,2.940174924657731
1302,2.526209389193745
1303,2.928797357396539
1304,2.8722559887946497
1305,2.298983548533276
1306,2.9009108434775825
1307,3.040499426825879
1308,2.5634211284259565
1309,1.9767877607091604
1310,2.7455342786087185
1311,2.731510868765602
1312,2.6128171740663957
1313,2.5393221593102786
1314,2.801419245728759
1315,2.0480578156864544
1316,2.98919766599744
1317,3.0711999655079074
1318,2.5048356890502674
1319,2.550434964400282
1320,2.9210309165196238
1321,2.743970278613588
1322,2.703756471215141
1323,2.7094102083624128
1324,2.9423622642380427
1325,2.8770684445423362
1326,2.9581614368668774
1327,2.9970770472008383
1328,2.746416801068221
1329,2.4045176701577127
1330,3.0353458357638337
1331,2.8962837384957174
1332,2.79521858990267
1333,2.9498328890387633
1334,2.9928514539285094
1335,2.546141620660645
1336,2.9637922374621652
1337,2.8841604714112745
1338,2.9367950530961164
1339,2.315489808854555
1340,2.7579171890049303
1341,2.486158378470092
1342,2.9790712781386146
1343,2.8115009775217112
1344,2.9774800165607487
1345,2.5423891103912584
1346,2.8508860505200775
1347,2.757302273036317
1348,2.5701443687661256
1349,2.8129973373709043
1350,2.706032140164701
1351,2.8231781905201077
1352,2.822272394020241
1353,2.9098621884586686
1354,2.8508280113849858
1355,2.924095002549656
1356,2.7916810082730934
1357,2.7424003743416163
1358,2.129703174152478
1359,2.739833362523287
1360,2.9339431750098446
1361,2.5864065602499737
1362,2.5179158123206484
1363,2.981454141455536
1364,3.2911893308144324
1365,2.425136480315477
1366,3.0515039501723384
1367,2.4344648310067525
1368,2.955973944829127
1369,2.4687951277958198
1370,2.862131966581353
1371,2.7460214218101733
1372,2.666541214167818
1373,2.8997067201583504
1374,2.4614994244198303
1375,2.8364890632271833
1376,2.482607120300063
1377,3.1872591956553427
1378,2.2795629165612468
1379,3.0435167143099884
1380,2.4856852086457497
1381,2.7897008109850923
1382,2.3808548335471302
1383,2.7877451693594866
1384,2.971742763733328
1385,2.5355535629948927
1386,3.021741323170355
1387,2.8875979137108345
1388,2.7548987497741924
1389,2.853596242197568
1390,2.864760677719894
1391,3.075902845305486
1392,2.4519760378754567
1393,2.809810054869568
1394,2.496599012459037
1395,2.761467841914448
1396,2.931154650840343
1397,2.760492646580741
1398,2.226248543993061
1399,2.8728034347598776
1400,2.7283444587473147
1401,2.6412968893832582
1402,2.683062257920633
1403,2.947534293605046
1404,2.1319363925614443
1405,2.899939462701123
1406,2.965733645605673
1407,2.792765090926102
1408,2.545668380728637
1409,3.02225670558622
1410,2.958359230569981
1411,2.382834792180428
1412,3.110369806165537
1413,2.955323155323229
1414,3.0837741253429094
1415,2.966779852517992
1416,2.6850412777152872
1417,2.801654755751352
1418,2.7420606053407743
1419,2.7631403915960604
1420,3.0472117316400764
1421,2.3336174812068395
1422,2.409481513588404
1423,2.7182844978636345
1424,2.711951537896664
1425,2.74835392282579
1426,2.8574805153327443
1427,2.9844493566251833
1428,3.035677412870052
1429,2.7211701827443946
1430,2.8461411916879875
1431,2.742609349251359
1432,2.4453502673690726
1433,2.3245120801405093
1434,2.156910678646186
1435,2.556638358156394
1436,2.9822841787837233
1437,3.03391144022857
1438,2.9460348242897476
1439,2.5583681109881473
1440,2.6220413376256313
1441,2.9698529342262483
1442,2.720867370289003
1443,2.7338736746548955
1444,2.8365054187175627
1445,2.6977871643626075
1446,2.5947938441019445
1447,2.7069385390120435
1448,2.520265773756121
1449,2.953093477783334
1450,2.8138910825005303
1451,2.6937526676392203
1452,2.9333537309374624
1453,2.641996197098077
1454,3.176401746900731
1455,2.8773927907070718
1456,2.7676099269816783
1457,2.582066170918396
1458,2.5020339276538435
1459,2.957618560445454
1460,2.9246994569821414
1461,3.0931024861378096
1462,2.8793437470381087
1463,3.0131737852514506
1464,3.1957826788382295
1465,2.8342534459884225
1466,2.9989514034394884
1467,2.726578730445261
1468,2.6903870417130893
1469,2.8505118697518763
1470,2.4418533811491727
1471,2.6416245317185
1472,2.899291807687669
1473,2.520281132941927
1474,2.6469302366526626
1475,3.0041122609093214
1476,2.5213182903116174
1477,2.9725502112681252
1478,3.0218635973607673
1479,3.01789283388535
1480,2.8217247403455907
1481,3.104981222979163
1482,2.874135587823342
1483,3.094715816384384
1484,2.713562366915283
1485,3.146163856673542
1486,2.8996724505597142
1487,2.7463898178431676
1488,2.8494445158456174
1489,2.608331531737679
1490,2.5597047431304847
1491,3.0741476386295012
1492,2.896264985742669
1493,2.8396983888196194
1494,1.8784926676527467
1495,3.0637320682801703
1496,3.0060127922727338
1497,2.046500434662005
1498,2.8782827605792125
1499,2.7800256565977537
1500,2.9715671598000974
1501,2.723245134456726
1502,2.8273052805923973
1503,2.932829841302676
1504,2.9689858724410394
1505,2.893903737013466
1506,2.1450189773611466
1507,2.4589463440985617
1508,2.8690841648592302
1509,3.0769463742432888
1510,2.6876939567236873
1511,2.8644492137069197
1512,2.944748229265647
1513,2.378761730447194
1514,2.75528852090989
1515,2.8764709531834116
1516,2.962604366168993
1517,2.6154087849373218
1518,2.874595308906565
1519,2.5394319046113663
1520,2.950375784636624
1521,2.8034414804112013
1522,2.672955792262174
1523,2.7508532635802516
1524,2.5908941717756573
1525,2.900514306114145
1526,2.9689797481592066
1527,2.7812957947351054
1528,3.001052159639727
1529,3.045093810686765
1530,2.5920759493393923
1531,2.3219474598855037
1532,2.77010182896731
1533,2.644376296605996
1534,2.9412283282844434
1535,2.867248517890067
1536,2.34206529250466
1537,2.955768125073682
1538,2.78703958683118
1539,2.9908019248311373
1540,2.7581856470233883
1541,3.0306718419321332
1542,2.865040960224255
1543,2.614416264578954
1544,3.0414246335745343
1545,2.612640217966968
1546,3.0606317087198573
1547,2.627555327029298
1548,3.036412686167667
1549,2.778026250234599
1550,2.95342247287868
1551,2.8570208444311507
1552,2.6678352122488445
1553,2.803238170726853
1554,2.8582716235720604
1555,2.8098971800473307
1556,2.9699264850515834
1557,3.041055212816282
1558,2.4044113625070636
1559,2.9460934422066116
1560,2.952246187599288
1561,2.3214438595917635
1562,3.0255904947677146
1563,2.724332682099761
1564,2.7914959305504037
1565,2.45288966556657
1566,2.8100816204985017
1567,3.013090936380094
1568,2.7083134662789576
1569,3.004558039503428
1570,2.9138275755174043
1571,2.5458424223149603
1572,2.6134382873506716
1573,2.9977435734764772
1574,2.7708058034513696
1575,2.7569383148995454
1576,2.8966571706197075
1577,2.5761299118386254
1578,2.7093694223873754
1579,2.678999456055133
1580,2.833573108602608
1581,2.6702688870534126
1582,2.6611237063247475
1583,2.9699329883270336
1584,2.8390310339738303
1585,2.6809766979625334
1586,2.672692156624199
1587,2.469938489751863
1588,2.7459893940142766
1589,2.66814367745332
1590,2.3980677587025205
1591,3.0200731702180845
1592,2.702958312607309
1593,2.365016228211655
1594,3.052238416859408
1595,2.6678508957940203
1596,3.178215839262414
1597,2.8086571656309327
1598,2.9789805490313856
1599,2.932522136700041
1600,2.045538162387375
1601,2.660972763035593
1602,3.0419504084540754
1603,3.0703435296973023
1604,2.7808302099989373
1605,2.7199334913141047
1606,2.601850993733762
1607,2.6194177571320596
1608,2.9033295961979153
1609,2.905594526657512
1610,2.6650800588584365
1611,2.508973998257176
1612,3.0066394494849584
1613,2.753382007694016
1614,2.8496936171979135
1615,2.572608697328539
1616,2.887975718050275
1617,2.5401201557382076
1618,2.9601777348176324
1619,2.6916629274188173
1620,2.6785271531799943
1621,2.7041493957647083
1622,2.6628888625060143
1623,2.7504529934737376
1624,3.064761843145772
1625,1.9973930211037412
1626,2.989671566965742
1627,2.9099534708769865
1628,2.4648280376883593
1629,2.877066120405662
1630,3.163675649959846
1631,2.815346835761408
1632,2.8923981580069063
1633,2.862838657678239
1634,2.7779778366985113
1635,2.5417252581799694
1636,2.749775013883163
1637,2.7621060662558845
1638,2.6717269699357518
1639,2.5415328510523643
1640,2.970399743243927
1641,3.017755859964802
1642,3.1517693897692287
1643,3.1204309685932317
1644,2.819628835382451
1645,2.601076964740457
1646,2.649352411249024
1647,2.9699241966920438
1648,2.641311637235167
1649,2.5700508598435547
1650,3.0533010617980403
1651,3.013588265839248
1652,2.9134274281899963
1653,3.1149949796674727
1654,2.4242704973114053
1655,2.793706598045972
1656,2.733624338261315
1657,2.674217351953094
1658,2.8970672780357187
1659,3.0333991897083403
1660,2.5732583266462776
1661,2.4772749748099794
1662,3.1097879855409394
1663,2.8371407043372
1664,2.7482923800685843
1665,2.2585574954174885
1666,2.9179607409146784
1667,2.332155158723569
1668,2.8217831482553244
1669,3.0400511985760894
1670,2.709911070235213
1671,2.807575190772172
1672,2.9077143489270942
1673,2.9700949815139346
1674,2.909583781166599
1675,3.098259388070562
1676,2.807000656632826
1677,3.084344478528599
1678,2.8629752124633367
1679,2.3607120549353815
1680,3.008355790989755
1681,2.840488362419688
1682,2.803835710226462
1683,2.8548537538662693
1684,3.1644117253445048
1685,2.7040690905783653
1686,3.055666129199506
1687,2.7479789741410774
1688,2.9040418479862162
1689,2.858151107366544
1690,2.4797476478723466
1691,2.780188815408719
1692,2.8031394579415583
1693,2.7417257601130993
1694,2.531965375319685
1695,2.777066623124382
1696,3.200828985695261
1697,2.840501840135456
1698,2.7310604605440005
1699,2.9541273039025153
1700,3.1236355299449974
1701,2.7751527281824577
1702,2.884251590283418
1703,2.7437120604866783
1704,2.892030684936638
1705,2.477646498384088
1706,2.9547136756128474
1707,2.926984741795069
1708,2.9294560294852365
1709,2.6609113490310907
1710,3.0970349295291935
1711,2.9509935557556246
1712,2.9563910514123957
1713,2.9105308249079878
1714,2.959623866171861
1715,2.7469101487036727
1716,3.042468762622107
1717,2.668175482489067
1718,2.2810760705755815
1719,2.8503483766801097
1720,3.0925632168383057
1721,2.876259125158353
1722,2.6705869972654095
1723,3.091221434253162
1724,2.6642325262573854
1725,2.807029980384122
1726,2.9603313808719185
1727,2.962254219862817
1728,3.1231377786316212
1729,3.1405039779426165
1730,2.4526958474075893
1731,3.17699685841119
1732,2.8053435871161008
1733,2.2304366765052293
1734,3.106907687467775
1735,2.9946838750412943
1736,2.765553410259868
1737,2.5762632430931838
1738,3.0999062384811116
1739,2.921919602206441
1740,2.9867062587941158
1741,2.7613573921093906
1742,2.192698765243001
1743,2.5554163217473937
1744,2.769402016425336
1745,2.4193918879755083
1746,2.328508064559048
1747,2.812454947892404
1748,3.0005509801959462
1749,2.6877223593683546
1750,2.840276415741596
1751,2.8387367742997665
1752,3.068875697518367
1753,2.9619480908347304
1754,2.9459588947897575
1755,2.6994044489157094
1756,3.1354989940527003
1757,2.4129995179879615
1758,3.090491626452605
1759,2.8414940988223
1760,2.951404869079999
1761,2.743057359407017
1762,2.8196066680341634
1763,2.990142592092242
1764,2.4985147387002833
1765,2.673854906312109
1766,2.7144370461649614
1767,2.887975025168178
1768,2.947752313440442
1769,2.796619902186772
1770,2.664614193154248
1771,2.941223861305885
1772,2.8280652305526788
1773,3.1761247130979555
1774,2.3188300781557682
1775,2.9399155694549486
1776,2.9141274887955904
1777,2.8043022408278575
1778,2.8565751191509916
1779,2.9254035143104713
1780,2.6389077940230723
1781,2.726262149672319
1782,2.9213532278189085
1783,2.7472298230097785
1784,2.590554968309768
1785,2.6340676177347633
1786,2.484415023299593
1787,2.6548279788398386
1788,3.0848849702759544
1789,2.8704975718121
1790,2.696773391066299
1791,2.589569560613329
1792,2.710885555991238
1793,3.0306068813317766
1794,3.2153682611270438
1795,2.772746532176553
1796,2.833362191182599
1797,2.844452642729248
1798,2.9017099182840136
1799,3.0664425775156574
1800,2.9356041689184242
1801,2.794010266041733
1802,3.0880744196502907
1803,3.1022828297574208
1804,2.77271586688151
1805,2.9654551998410654
1806,2.7777843306946126
1807,2.9179832431281807
1808,2.877354923798856
1809,2.421799321622739
1810,2.8282606772908268
1811,2.685837807044218
1812,2.8324054917094252
1813,3.0015151927579398
1814,3.017246890003912
1815,2.8405714442072805
1816,2.926451923496014
1817,2.7944291992530825
1818,2.3239324077565318
1819,3.129676093129329
1820,2.861039823470361
1821,2.78741495979726
1822,3.057751594931215
1823,2.861880085361193
1824,2.772966345011738
1825,2.7224153612768953
1826,2.836632185565094
1827,2.925479529085704
1828,2.598158644819812
1829,2.817819231314142
1830,3.006778415191027
1831,2.468360413174272
1832,2.9000080075983923
1833,2.902595314158314
1834,3.1017761545581455
1835,2.6246652030571465
1836,2.547077767134288
1837,2.9736862113188445
1838,2.707457158331172
1839,2.520471283928573
1840,2.7454328031746478
1841,3.0760606849119427
1842,3.033746006235184
1843,2.824600213735981
1844,2.5105449256486643
1845,2.862779373028327
1846,2.8325616975926144
1847,3.090264374146722
1848,2.763782709917748
1849,2.5205565059521566
1850,3.117220100821922
1851,2.9787728319970492
1852,2.6606763731844394
1853,2.8017998872806187
1854,2.895884127186495
1855,2.816240765302323
1856,3.0116081850614886
1857,2.876179988311079
1858,2.9720549086077477
1859,2.604474363657579
1860,2.872964582741514
1861,2.9253780188123732
1862,2.816567786716024
1863,3.0984730576763044
1864,3.018542043921015
1865,3.0405170797600407
1866,2.668902433716882
1867,2.8785229232461873
1868,2.777716406451076
1869,3.117580347839481
1870,2.7796668578819896
1871,2.8010706942041406
1872,2.437586143907099
1873,3.0461978749977834
1874,2.3611545817385933
1875,2.869201618877449
1876,2.898246188918922
1877,3.1538848873884535
1878,2.6623392828487566
1879,3.021812212948023
1880,2.6990774562972604
1881,2.2681527261194487
1882,3.098779728050254
1883,2.8115691175142272
1884,3.1375217143066982
1885,2.4532601625451522
1886,2.7307166385288695
1887,2.3142323253241703
1888,2.776155577776761
1889,3.157637314902482
1890,2.8679231503770852
1891,2.5174570215346312
1892,2.798156598824912
1893,2.908843644668581
1894,2.671765801871619
1895,2.9168834961823427
1896,2.901274254489165
1897,2.9262166120991155
1898,2.8436653834980126
1899,2.6726958198381356
1900,2.7370676497041893
1901,2.554576427199771
1902,2.604738709664858
1903,2.835211573141735
1904,3.074188118098901
1905,2.4679803588893656
1906,2.5543451362048835
1907,2.7067527110233662
1908,3.0299286355926696
1909,2.824781311643192
1910,2.553853184010087
1911,3.0703014136802986
1912,2.5967928177061292
1913,2.8281279048707875
1914,2.7462496804743735
1915,2.4830814993794474
1916,2.8286956408965733
1917,2.877616367693476
1918,2.8226616134481266
1919,2.617004179291118
1920,2.6663230269226976
1921,2.800284029013368
1922,2.569406077326165
1923,2.8392058315399122
1924,2.6553333578935043
1925,2.6572958268382156
1926,2.593834968556136
1927,2.395993649955455
1928,3.0636073510313926
1929,2.838013122106464
1930,2.692503005122592
1931,2.6522831797378137
1932,2.3051293007173714
1933,2.9634798081313782
1934,2.780876306462506
1935,2.5734990610078907
1936,2.7502271413617416
1937,3.063449763114285
1938,2.935475453454798
1939,2.78753972816444
1940,3.0676830773373447
1941,2.884770460536287
1942,2.7972035995397344
1943,2.7722644962326335
1944,2.765061758559175
1945,2.8954196706586495
1946,3.045145395908366
1947,2.10786685897201
1948,2.262977392022468
1949,2.915975024656084
1950,2.7460384489609786
1951,2.426332847594476
1952,3.0687863558064916
1953,2.834135463290165
1954,2.5126578418477616
1955,2.807780305087004
1956,2.6887112794618053
1957,2.666697868883795
1958,3.1069454534434664
1959,2.341806778018156
1960,2.499994980349109
1961,2.650413649035243
1962,3.0229948909853035
1963,2.7543015614218644
1964,2.8340683343120863
1965,3.064025293506215
1966,2.4631914165023057
1967,2.8950145654105186
1968,2.9059854305850252
1969,2.7708067201814197
1970,2.764188494794762
1971,2.357328206804687
1972,2.9574001657799887
1973,3.2473827031679443
1974,3.0205738909961823
1975,2.514508061609598
1976,2.7277949151430643
1977,2.763778557087538
1978,2.7354560253168105
1979,2.867151623838621
1980,2.7762674531374656
1981,2.728799046503136
1982,2.938283957844322
1983,2.700528338524987
1984,2.3518322730102255
1985,2.6623542825879687
1986,2.8651806593945253
1987,2.8915456639034005
1988,3.0027822226792082
1989,2.5717587507412127
1990,2.5866038902153226
1991,2.78282220468546
1992,2.8050086289796203
1993,2.965169804998458
1994,2.6765235602794366
1995,2.769179912643835
1996,2.878349561776313
1997,2.798804794795039
1998,2.947579761699622
1999,2.7391691653507464
2000,2.817734190893594
2001,2.5891143360910656
2002,2.9166387186941907
2003,2.7289103470935934
2004,2.7832724823384214
2005,2.77552496924443
2006,3.0908890796929462
2007,3.0280222598164337
2008,2.909749075997664
2009,3.050721608391668
2010,2.8217013689098924
2011,2.941597481058727
2012,2.8087117200524587
2013,2.5405777981866815
2014,3.006979214281641
2015,2.912175736217403
2016,3.0461900591198594
2017,1.9039157117190058
2018,2.682138612735344
2019,2.8778142567989136
2020,2.844962936114872
2021,2.6748028231086423
2022,2.679410798383732
2023,2.8072096155717086
2024,2.950595505816037
2025,2.9101507821393326
2026,2.803158199660341
2027,2.5134388529677674
2028,2.867312415190081
2029,2.9409001056041637
2030,2.9535836744064397
2031,2.470695873077183
2032,2.971341258091462
2033,2.817822644279625
2034,2.6157669411514024
2035,2.894853518970779
2036,2.509677203873265
2037,3.0173477657940615
2038,2.7614201069729503
2039,2.6468289901640167
2040,3.030426910547985
2041,2.947225859793957
2042,2.674236133935846
2043,2.8644972782196962
2044,2.6771665317651205
2045,2.9567054682439053
2046,2.3248604113587703
2047,2.8591584205791465
2048,2.944060618635292
2049,2.4912459118287797
2050,3.009759648885194
2051,2.7443863077416597
2052,2.7858923133284246
2053,2.859634183510855
2054,2.735355375928319
2055,2.9230742314432097
2056,2.9727907146051322
2057,2.9445277617449013
2058,2.907624729138816
2059,2.754250991631151
2060,2.814000369382814
2061,2.7151739899567673
2062,2.961158038365383
2063,2.8309075371865178
2064,2.4633454395208596
2065,2.950302299265608
2066,2.927591551862122
2067,2.676884947166432
2068,3.1228836664047486
2069,2.888881062169894
2070,3.007903107075915
2071,2.9658434442421244
2072,2.700308640045688
2073,2.7142691377387527
2074,2.8508066327580304
2075,3.025400696653317
2076,2.7915428457146207
2077,2.5613865523432726
2078,2.8017769081386605
2079,2.997787966084254
2080,2.8432736155910456
2081,2.975048105801321
2082,2.7178021799168635
2083,2.7751382644918157
2084,2.6127907332387914
2085,2.816231549730028
2086,2.781446435455282
2087,2.618506100185988
2088,2.857528454467216
2089,2.7566410681148192
2090,2.9706525588603037
2091,2.7394688960739932
2092,2.5990573633596603
2093,2.816820592343627
2094,2.721601575305216
2095,2.9332709892756292
2096,2.954537989364556
2097,2.6544915961450126
2098,2.969052906001499
2099,2.783631096847069
2100,2.494866547484279
2101,2.7558744036054854
2102,3.0586579708334103
2103,2.6873852888251286
2104,2.6516765437373566
2105,2.9507890975230153
2106,3.220904984011999
2107,2.614921524862245
2108,2.7871682493409446
2109,2.7056679612906795
2110,2.8886173877809647
2111,2.514088276489319
2112,3.0304925872562603
2113,2.4932469542932556
2114,2.7723453861394267
2115,2.695315325014047
2116,2.757391169368588
2117,2.525813900174351
2118,2.4032597673846565
2119,2.9434917125837945
2120,2.637542628477287
2121,2.9642684236072854
2122,2.788094017904458
2123,2.8411617506758833
2124,2.5204064832090367
2125,2.354117980603642
2126,2.7834132204931943
2127,2.99392346101898
2128,2.8839934029270626
2129,2.7333122592690593
2130,2.8751237641634755
2131,2.807635881061119
2132,2.861437191782926
2133,2.9058003335436093
2134,2.700130999885425
2135,2.643983464728757
2136,3.1324209834534598
2137,2.8616947302761
2138,2.769803347556889
2139,2.88279421115395
2140,2.865569693287296
2141,2.319908250284801
2142,2.987671477900552
2143,2.8622588657859867
2144,2.816121103109542
2145,2.905088670477748
2146,2.9579762773775373
2147,2.3540515658547094
2148,2.6724363970163663
2149,3.0450145790301275
2150,2.803932399734981
2151,2.6468499298256694
2152,2.392466648729219
2153,2.6493631862715743
2154,3.1158657881355003
2155,2.9754149304910094
2156,2.8611360492714737
2157,2.3957419147576746
2158,2.745471168217712
2159,2.952535206963947
2160,2.8002455678931044
2161,2.6431889142621188
2162,2.9045349266644935
2163,2.541255983009618
2164,2.7351750873580154
2165,2.597240138896926
2166,2.6520904638170517
2167,2.9151106262655633
2168,2.699755424857699
2169,2.8729632141575165
2170,2.8776092815113294
2171,2.9270763566692666
2172,2.9115771807385284
2173,2.660887613639329
2174,2.2848146459515863
2175,2.6450824530626056
2176,2.731263746410995
2177,2.3811817616901307
2178,2.8540848327659574
2179,2.823490953389179
2180,2.5748237339284525
2181,2.1283548520066327
2182,2.7977223483879774
2183,2.423264885409814
2184,2.9968116652671095
2185,2.636734031706016
2186,2.6891089786829356
2187,2.7494751544680924
2188,2.983520957911862
2189,2.357754769118707
2190,3.0204657095600407
2191,2.9733366981128695
2192,2.6849323123380855
2193,2.8770987315942493
2194,2.8870383915669695
2195,3.000817051389369
2196,2.8914015496014986
2197,2.6842560275763865
2198,2.9336358458092855
2199,3.122116115299102
2200,3.0483437153264683
2201,2.7450456347887826
2202,2.891343711944585
2203,2.7263394956963745
2204,2.81126868980566
2205,2.8988732627170917
2206,2.926204638473075
2207,2.7492928538291057
2208,3.0171187448166545
2209,3.1126655017049494
2210,2.629593971222815
2211,3.0447482103120334
2212,2.7151977544353274
2213,2.726364387354565
2214,2.8018154026091575
2215,2.74261590194338
2216,2.7232769491645574
2217,2.6927306545694423
2218,3.00347284128727
2219,3.0016066630400196
2220,2.6947717685473007
2221,2.8595871338994616
2222,2.871452663315485
2223,2.8291506839414957
2224,2.906654793227355
2225,2.612789668758503
2226,2.881231004250698
2227,2.857296075604843
2228,3.1550175529312643
2229,2.7178890533550963
2230,2.8060662071575546
2231,2.6665212707067956
2232,2.758648026119455
2233,2.958162111036683
2234,2.9338157765215276
2235,2.6492430636627877
2236,3.069990638652592
2237,2.8728365272815672
2238,2.4435241397772693
2239,2.5105457526012365
2240,2.907721440698127
2241,2.753947804063718
2242,2.462503576739275
2243,2.4813246576530483
2244,2.834490349855556
2245,2.909373300609739
2246,2.876793839571355
2247,3.0290063215635485
2248,3.046198405647065
2249,2.992624009287762
2250,2.8769389815847286
2251,2.88688596859339
2252,2.9820864618063903
2253,2.8663917008231037
2254,3.033426550882697
2255,3.039914436001968
2256,2.7831988586703718
2257,2.732757825725263
2258,2.794791222983968
2259,2.663685525176327
2260,2.7060050677823195
2261,2.836085079518474
2262,2.573358640766243
2263,2.713673718847165
2264,2.509823290337688
2265,2.7346649326952996
2266,2.8720926553904755
2267,2.9033582272804086
2268,2.773891079775454
2269,2.9427218813516927
2270,2.4668275175657945
2271,2.4328382275209917
2272,2.958439967068797
2273,2.5984600227982044
2274,2.9755322796611408
2275,2.9844191532816584
2276,2.8183581858257365
2277,3.0601467630415176
2278,2.605601412325003
2279,2.9147309943037962
2280,2.9230315092738026
2281,2.8493489573050694
2282,2.9410781008735447
2283,2.7897092678169164
2284,2.9600384635179093
2285,2.927816532063511
2286,2.878027991968546
2287,2.8658642555310845
2288,2.8504369929223943
2289,2.8715749647387776
2290,2.7866896944521864
2291,2.947332546953709
2292,2.851097884291628
2293,2.8048071521060005
2294,3.0005743723321805
2295,3.0869076787373886
2296,2.6905699069106808
2297,2.942037185900051
2298,2.7550975371443998
2299,2.569678003116434
2300,2.738720010787407
2301,2.604569013658572
2302,2.775229230413713
2303,2.7016437571221465
2304,2.8928327256214015
2305,2.8347448415732357
2306,2.722777721953671
2307,3.2285782421127847
2308,2.919665843821736
2309,2.7688159801918717
2310,3.0652943740223595
2311,2.852654888975896
2312,2.6242641550087287
2313,2.7024591650619874
2314,2.839021949610717
2315,3.08347710385075
2316,3.0484097322056547
2317,3.1115136544522546
2318,2.6192157899850956
2319,2.9016899323577796
2320,3.0233778129606743
2321,2.9952008421103677
2322,2.3089952365669038
2323,3.088711315632624
2324,2.8984150219444946
2325,2.440723063732831
2326,2.5080998070286205
2327,2.8409696135761267
2328,2.6811886605618636
2329,2.8011846926303496
2330,2.527577170498563
2331,2.6665576058134692
2332,2.987631494027593
2333,2.991456726358091
2334,2.8272107152129697
2335,2.2310943163501022
2336,2.4037339129841477
2337,2.224205738534138
2338,2.753927769004997
2339,3.002158727203298
2340,3.1361705595385354
2341,2.973509411760869
2342,2.6742261294090666
2343,2.7761610092243387
2344,2.989040076751743
2345,2.6921620015084318
2346,2.5867871281002865
2347,2.9670306905190715
2348,2.8754086560442733
2349,2.9678856678054286
2350,2.873739950139753
2351,2.8050957559314176
2352,2.828731980751558
2353,2.1657891681684793
2354,2.9786837827611525
2355,2.949489454564639
2356,2.860799617769296
2357,2.826860895188036
2358,2.640419630124193
2359,2.8179324097808616
2360,2.8770435081604115
2361,2.801402998021544
2362,2.9238240533391773
2363,2.6132547616711213
2364,2.42224249893193
2365,2.9961799390481527
2366,2.668688423965568
2367,2.7412329747689683
2368,2.3444242926107717
2369,2.887823567121075
2370,2.669644850443088
2371,2.610647134412144
2372,2.855114267172349
2373,3.0944576071774224
2374,2.5764672249049236
2375,2.386033816122821
2376,2.540259696936807
2377,3.127323665710543
2378,2.830181617445311
2379,3.016878709748585
2380,3.0685985207285595
2381,2.93798922727812
2382,3.004664719217935
2383,2.893656414155058
2384,2.8924956448846846
2385,2.45091596837732
2386,2.7037839662214376
2387,3.1767128908896014
2388,2.912166848634019
2389,2.806921095292912
2390,2.7684304490498706
2391,2.6521858806293968
2392,2.7251479212059126
2393,2.733997990118164
2394,2.8153223653801773
2395,3.0672922466760872
2396,2.7996413114192444
2397,2.770919354960289
2398,2.986398970281059
2399,2.606983121186829
2400,2.625068204818116
2401,2.725553986861893
2402,2.7451293473768357
2403,2.3072886539827095
2404,2.2900551852203446
2405,2.3845127668614614
2406,2.932372525019379
2407,2.3337220585939984
2408,2.44262218240854
2409,2.870878154164527
2410,2.9592715500790185
2411,2.737442284821971
2412,2.6019871829028656
2413,2.7795486345141818
2414,2.595334400727767
2415,2.8042451500662833
2416,2.744606097302649
2417,3.0903028637284002
2418,2.545436527978826
2419,2.744303169164618
2420,2.6658828963644208
2421,3.0245047445900046
2422,2.8071692990748973
2423,2.6623505601156094
2424,3.165412558748761
2425,2.8494894107446345
2426,2.6705147178853816
2427,2.9082345613230514
2428,3.055419644097223
2429,3.1263221060173443
2430,2.660697471989574
2431,3.0372495912472193
2432,2.893013043799398
2433,3.1265418844248334
2434,2.994567259041246
2435,2.5281561272450714
2436,2.7471973384355657
2437,2.7960637219830127
2438,3.0097346900766704
2439,2.618628024516243
2440,2.6925798353278965
2441,2.9849504811902245
2442,2.9873566054839222
2443,2.997998975740688
2444,2.564714980141214
2445,2.820518482656487
2446,3.143189151090473
2447,3.0193394250143384
2448,2.7820332138020385
2449,2.475921298622688
2450,2.8830896750213464
2451,2.808094036350817
2452,2.7748990596419087
2453,2.9191063544383526
2454,2.794525061059247
2455,2.7863675192971575
2456,2.764689970070616
2457,2.6107394319911617
2458,2.764202314646827
2459,3.0050685696761748
2460,3.0315876550590692
2461,3.043992984519565
2462,2.3663416605250767
2463,2.8009972145888513
2464,2.716842563131694
2465,2.162714331052995
2466,2.9359275455188674
2467,3.0603616555459405
2468,2.521767210040867
2469,2.8945937471009455
2470,2.876898003771696
2471,2.7503606949819592
2472,2.732649919104171
2473,2.6591623372419324
2474,2.7624205726375473
2475,2.729393568383373
2476,2.692743414907806
2477,2.856776747943117
2478,3.0651836076549177
2479,2.893486026803714
2480,2.911160082082265
2481,2.9173877776787287
2482,2.3657152376934825
2483,2.990016099940554
2484,2.408734196621707
2485,2.9189731239072483
2486,2.5536928551457514
2487,2.3094835721702616
2488,2.4394513057827183
2489,2.8777230284170416
2490,2.5450861551379744
2491,2.8906421581542325
2492,2.3459227907636464
2493,2.8694559326991755
2494,2.5555718867172637
2495,2.7099655922378707
2496,2.8848054092034783
2497,2.5624346829733198
2498,3.06129962534857
2499,2.7547688076363466
2500,2.1599336351273632
2501,2.9251331857393983
2502,2.713696883513601
2503,3.090391359664582
2504,2.425156162038875
2505,2.6612004645339127
2506,2.8855164944405836
2507,2.592917156019074
2508,3.074034625697197
2509,2.945565105998587
2510,2.567440228161954
2511,2.91849036366558
2512,2.8986369983568183
2513,2.796895012761259
2514,2.343079071621881
2515,3.0588331442596504
2516,2.757987370658903
2517,2.703519386717253
2518,3.17053680421999
2519,2.7045489653910924
2520,3.078690324291328
2521,2.795107134964115
2522,3.025996973916556
2523,2.815526248520751
2524,2.500895094162611
2525,2.898447649525759
2526,2.938782949031786
2527,2.866621947156028
2528,2.930941635370575
2529,2.817589108957125
2530,3.012015837727267
2531,2.68719324879945
2532,2.7512572625421625
2533,2.9097350567317974
2534,2.917848492969611
2535,2.8590315400898967
2536,2.9868614099248263
2537,2.8247739105586525
2538,2.9651150879159034
2539,2.7891035794431818
2540,2.9558442190395473
2541,2.8353420348747655
2542,2.517948259760938
2543,2.9725921976068888
2544,2.522813266082651
2545,2.8994898930992634
2546,3.0235104931252663
2547,2.6764588028470024
2548,2.731924980625232
2549,2.913373876189006
2550,2.693108083009156
2551,2.8667979403203923
2552,2.675987344260495
2553,3.1306734373931455
2554,2.988736620420508
2555,2.838745099830332
2556,2.9939713305501328
2557,1.990008960475018
2558,2.653646545886843
2559,2.8874051832452055
2560,3.069751431606276
2561,2.875913893773076
2562,3.0272966727815627
2563,2.6008695115615823
2564,2.8023507595293173
2565,2.6116884871703543
2566,2.683625715167282
2567,2.7152012418672915
2568,3.052662928029559
2569,2.955038187653395
2570,2.985023153478734
2571,2.673295206119767
2572,2.042627616194792
2573,3.0422560171093846
2574,2.5479626871404943
2575,2.818465969520622
2576,2.902114154969553
2577,2.831854035225378
2578,2.5272863427811108
2579,3.006265583065645
2580,2.7768577105686587
2581,3.008283719191641
2582,2.947990194670365
2583,2.856293924890698
2584,2.7312250400670877
2585,3.0228810322556776
2586,2.5039915003344535
2587,2.864838340051962
2588,3.00216880397449
2589,2.498195778160397
2590,2.8048197366556633
2591,2.605556861009887
2592,2.468509541991988
2593,3.0304265824319327
2594,2.9062159547221715
2595,2.9966423192587817
2596,2.772078217176716
2597,2.7553446436101106
2598,2.5407903107888954
2599,2.9647178223447463
2600,2.5204351927038475
2601,2.8862497257522834
2602,2.6304099002287296
2603,2.8111613063145082
2604,3.1091684836583084
2605,2.2414773933092405
2606,3.070246368251303
2607,2.7159597010596115
2608,2.4524528959608434
2609,2.8958053540098114
2610,2.864699786926839
2611,2.5840032971385156
2612,2.8570220347909228
2613,2.9212036691497354
2614,2.7608024620616103
2615,2.2090326553730875
2616,2.933502330679913
2617,2.916408495785311
2618,3.017566948786602
2619,3.0526237802359333
2620,3.1065172195392208
2621,2.9512929338638023
2622,2.9230798159794045
2623,2.9286628998688053
2624,2.7384602176159545
2625,2.595396878646692
2626,2.9925395181487224
2627,2.555395270935459
2628,2.893246933663154
2629,3.132072968092338
2630,2.2290966633764357
2631,2.6746709321854327
2632,2.917506116871599
2633,2.9281796593613776
2634,2.606363443696978
2635,2.6562522514878246
2636,3.0170537824052994
2637,2.456396930231351
2638,2.54531549475121
2639,2.8728554205846026
2640,3.1836846410834245
2641,1.9662694114139943
2642,2.659093984245841
2643,2.8839386707446435
2644,2.711436656757806
2645,2.675006124397334
2646,2.003007938829152
2647,3.080613800242693
2648,2.7303372724272252
2649,2.855404634248645
2650,3.001144136812881
2651,2.716991697672311
2652,2.5843147766241827
2653,2.7213159857621636
2654,3.0393711676154727
2655,2.751148309565755
2656,3.092270717501384
2657,2.7059106388485845
2658,2.7631850123984028
2659,2.773490408834218
2660,2.8116911092292907
2661,2.889644239283953
2662,2.5553902644664284
2663,2.716114552280308
2664,2.9088967833148827
2665,2.9719908119798197
2666,2.7148781850534704
2667,2.467436942074794
2668,2.7281641507333916
2669,2.1672243091726555
2670,2.9329005349024224
2671,2.949683506174635
2672,2.9081885023342338
2673,3.0566478749490025
2674,2.6354618823473523
2675,3.132234510874726
2676,2.90519976228514
2677,2.9535495552927946
2678,2.933546687292074
2679,2.2779332146847606
2680,2.7422550467275792
2681,2.6895779944741576
2682,2.162505163269349
2683,2.8483585161633562
2684,2.480107422194355
2685,3.110790410656399
2686,2.9117161087569636
2687,3.0619538174758896
2688,2.9323167686205602
2689,2.625407614665164
2690,2.917977649078225
2691,3.1412322096354517
2692,2.8700078096223867
2693,2.807619768360365
2694,2.4949747049668836
2695,2.8988000658384068
2696,2.629403958120676
2697,3.047732495107677
2698,2.588031108625799
2699,2.8031047802627924
2700,2.879649292912979
2701,2.811700257243621
2702,2.3221303293785187
2703,2.6048901126339805
2704,2.928386468614463
2705,2.8217040332906476
2706,3.208029266266654
2707,3.032486027987319
2708,2.603444970394414
2709,3.043477649345411
2710,2.979245465412658
2711,3.124915902324722
2712,2.934100300028001
2713,3.015789929462961
2714,2.9632147025465287
2715,2.703212350211498
2716,2.874530903211127
2717,2.861196980315012
2718,2.5054181105846096
2719,2.825997152729636
2720,2.7555261907072675
2721,2.64395738092235
2722,1.967594594371271
2723,2.4917073534119214
2724,2.256537740067531
2725,2.4134095890630367
2726,2.868223050576151
2727,2.211089962618877
2728,2.720520874339809
2729,2.923530993008059
2730,3.0789803610873334
2731,2.452360799242813
2732,2.733027848115854
2733,2.6526216524361614
2734,2.916307464274146
2735,2.8694123115939663
2736,2.7148565244887224
2737,2.7169505174304036
2738,2.8990891407424213
2739,2.764533375000041
2740,2.7621121621371354
2741,2.7701493470463388
2742,2.9588979982545274
2743,2.9200428514037116
2744,2.708638266683656
2745,2.9406327164865704
2746,2.9326669069227638
2747,2.7471264669092603
2748,2.9914528542226644
2749,2.712411600561258
2750,2.5655407152264096
2751,2.617971332290748
2752,2.839496805983878
2753,2.7518461527934632
2754,3.08153759148279
2755,2.9489865958229085
2756,2.8831608250642033
2757,2.4253890738162895
2758,3.1047192131367307
2759,2.62463800912398
2760,2.721693032940999
2761,2.819495953791715
2762,2.905344625731433
2763,2.6495123591297354
2764,2.9075281211773287
2765,2.5820596048457736
2766,2.867854029184622
2767,2.9038978753544633
2768,2.6290394572859648
2769,2.8396536282311415
2770,2.720640835683323
2771,2.63292572662148
2772,2.700830900841139
2773,2.8948649063503282
2774,2.8990142080703385
2775,2.4171399468055617
2776,2.8234194769057868
2777,2.9969846813694736
2778,3.0552482181129674
2779,3.0540529084987007
2780,2.7683744599079976
2781,3.0390033903407576
2782,2.8970192860809494
2783,2.6650635676955794
2784,2.8500838458679687
2785,3.040639169885596
2786,2.827029619192347
2787,2.3412807773210647
2788,2.6287595674959516
2789,2.814339290415361
2790,2.449235836088003
2791,3.1501625787259195
2792,2.7081890230384
2793,2.841238682741062
2794,2.7204763383801267
2795,3.074007010445936
2796,2.6467950049244213
2797,3.0003029153676564
2798,3.075015606474234
2799,2.6811734087240566
2800,2.883216637889731
2801,3.018341762686684
2802,2.9165106832018517
2803,2.585989828892653
2804,2.7390168474779037
2805,2.999730687628489
2806,2.8034700914602264
2807,2.591534943510373
2808,2.918866334688765
2809,2.709909338962158
2810,2.8930664795644976
2811,3.0002589185852426
2812,2.883100475369689
2813,2.0409622736665622
2814,2.4932113169459797
2815,2.8817424105022122
2816,2.7849065247534255
2817,2.3990150831563013
2818,2.9351285558035545
2819,2.5669515456764787
2820,2.3380418088165627
2821,2.9527118338365295
2822,3.020837857636186
2823,2.621853638072146
2824,2.4534251642360254
2825,2.250005604099453
2826,2.855951462824554
2827,2.957104524680844
2828,2.657428034925749
2829,3.0292011982216835
2830,2.954020492024689
2831,3.069166534857391
2832,2.5316644054785553
2833,2.948577459403397
2834,2.649390065721295
2835,2.646432648085852
2836,2.6995673739886845
2837,2.5746832086505935
2838,2.5313057248670936
2839,1.9355648093699243
2840,2.7728451185687026
2841,2.6350111880582943
2842,3.13615702872063
2843,2.7090211379969444
2844,3.1501678818653565
2845,2.717967638810788
2846,2.4418210426398956
2847,3.0735076346258525
2848,2.6177784390112486
2849,2.7041464546915037
2850,2.5520110141691523
2851,2.7519924825126676
2852,2.895560742095653
2853,2.8513520152168614
2854,2.781136909821765
2855,2.938912126666408
2856,2.6673632718526425
2857,3.065905303768506
2858,2.942399898740173
2859,2.9845965338557487
2860,2.611594190409858
2861,2.8277694998103247
2862,3.002076300965136
2863,2.8259711635336138
2864,3.0601558645556493
2865,3.0379029453309294
2866,2.8141593783090184
2867,2.3949609407322674
2868,3.0825019062619328
2869,2.473927507786723
2870,2.7099245370756804
2871,2.597209832845944
2872,3.037518924672459
2873,2.762171980197741
2874,2.760358988348014
2875,2.4062986874729697
2876,2.741967002035524
2877,2.7530962639469134
2878,3.0634787826966146
2879,2.6706246713401622
2880,2.919624845094079
2881,2.88972291623228
2882,2.795999106154965
2883,2.8094563160003383
2884,2.962036095137217
2885,3.1864339740667127
2886,2.6745620688964316
2887,3.1293276731004056
2888,2.890983530508828
2889,3.1594626805254
2890,2.839065037288493
2891,2.804267705320275
2892,2.991127499292341
2893,2.9757206346775282
2894,2.892327383000325
2895,2.810723856430522
2896,2.980087413162758
2897,2.6999263961097197
2898,2.0340022946057426
2899,2.7134792130671754
2900,2.890240271074163
2901,2.610355614525375
2902,3.03566995417016
2903,3.1661068580870313
2904,2.5443770099677603
2905,2.802824763157512
2906,2.8436765996293785
2907,2.78523755615062
2908,2.79923700962501
2909,2.760414807906021
2910,3.0832318288637466
2911,2.779644372075195
2912,2.4132402883275383
2913,3.036937710687638
2914,2.9940009459478145
2915,2.707035804099682
2916,2.892329961827551
2917,2.8978169252825494
2918,2.5878376093822038
2919,2.943854619297641
2920,2.7002121926218403
2921,2.4925508735445567
2922,2.79556962851118
2923,2.6873602582400506
2924,2.820380569381284
2925,2.5222951455541467
2926,2.4590582899512166
2927,2.9789147975291006
2928,2.8414848701448268
2929,2.2966002062191566
2930,3.011059805642664
2931,2.9955739716644456
2932,2.7545322030331088
2933,3.017770981503439
2934,2.5109840220301423
2935,2.9147735934234964
2936,2.237318217665652
2937,2.7146436020015017
2938,3.0613924693407135
2939,2.9192423304021773
2940,2.5138956485942985
2941,2.6562460718670513
2942,2.674325970655094
2943,2.5870811239359033
2944,2.6853858930453525
2945,3.0013354867680815
2946,2.7969175170886675
2947,2.822308241204256
2948,2.8189580204405527
2949,2.9700981868598144
2950,2.8216702436471284
2951,2.9551101935840722
2952,2.9972225214832413
2953,3.1434405895926063
2954,2.8407199291049006
2955,2.789885767162172
2956,2.6088147152127528
2957,2.7166505368838822
2958,2.4830327964501606
2959,2.411157002252558
2960,2.9083492965515716
2961,3.206793143403582
2962,2.9604410601429922
2963,2.8916862931706246
2964,2.633147358217686
2965,2.8874741215138773
2966,2.8328597425631634
2967,2.9235934422161085
2968,2.916396972538738
2969,3.0899261596239316
2970,2.6709500397050325
2971,2.837904267081415
2972,2.5361566098610546
2973,2.507046711927411
2974,3.040759825026701
2975,2.5119931080610898
2976,3.099063548909171
2977,2.683952446663286
2978,2.785199155075868
2979,3.0725034921777215
2980,2.640360658361868
2981,2.9344440519481916
2982,2.858436974697006
2983,2.7597047758843543
2984,2.900070270316785
2985,2.899533650629267
2986,2.2120300811788987
2987,2.7563640527490265
2988,2.2945215586052865
2989,2.9277101554243465
2990,2.956170187661335
2991,3.0183257153656493
2992,2.9236009823797384
2993,2.7808301915606157
2994,2.836779449710974
2995,2.7621972409507163
2996,2.356936830297675
2997,2.434170638200188
2998,2.889813561976176
2999,2.5611837334167697
3000,2.958463121005503
3001,2.7647716563042852
3002,2.880472890963785
3003,2.3807747113463518
3004,2.8844356860334326
3005,2.7242237642232494
3006,2.4317279904865123
3007,2.930532660997011
3008,2.9766539721147853
3009,3.02399641930967
3010,2.6879850051474397
3011,2.7194450820927294
3012,2.9005157681790257
3013,2.7757815186661485
3014,2.768013405791411
3015,2.8923617612396426
3016,2.818775126543714
3017,2.9088477642796566
3018,2.7804933303627317
3019,3.1027228834684384
3020,2.953829512900418
3021,2.7378136331264957
3022,2.9234300063554395
3023,2.781571040545632
3024,2.9678572813588624
3025,2.963233424985259
3026,2.9354103986313196
3027,2.487164488566743
3028,2.8968026167586762
3029,2.785694487724938
3030,2.262243973601395
3031,2.7641308946463723
3032,2.6839792045892072
3033,3.082136901015308
3034,3.0278517559188707
3035,2.6579070898522583
3036,2.6862177725719882
3037,2.989986611887537
3038,2.5010302527961765
3039,3.2061003998672155
3040,2.5750677384265495
3041,2.83573617242577
3042,2.8356182934281846
3043,2.5125749470223884
3044,2.2341519377031474
3045,2.8561343006036384
3046,2.774758918805903
3047,2.7558043238140577
3048,2.852482201370492
3049,3.0749941858767653
3050,2.6500758560604702
3051,2.4323314529550606
3052,3.0669123599613375
3053,2.6793889799728587
3054,2.8920543501190177
3055,2.6308984967410884
3056,2.7182849828433766
3057,2.8787818461318997
3058,3.125293742496614
3059,2.8193218524728
3060,2.899722352427949
3061,2.60223808448242
3062,2.947253016115737
3063,2.811123159409735
3064,2.305555581932791
3065,2.9712454667418626
3066,2.6569895065141425
3067,2.545820839351783
3068,2.7335360647417124
3069,2.6989826960992445
3070,2.8779651717274195
3071,2.694318755923807
3072,2.849062639921652
3073,2.9994438938927743
3074,2.6031962505465596
3075,2.6386286971258253
3076,2.574513890492347
3077,2.9213145775911156
3078,2.4253587358155224
3079,2.908424717591509
3080,2.7207434874171432
3081,2.6054461721888176
3082,2.889021859116597
3083,2.891939416681664
3084,2.7034057169018046
3085,2.771823427600555
3086,2.682485395629056
3087,3.0646344545492545
3088,2.8795572329431414
3089,2.952950461466276
3090,2.986390350004536
3091,2.628756856267712
3092,2.904654131167292
3093,2.416210625732048
3094,2.7487449973826217
3095,3.099190719460877
3096,2.6804758615383033
3097,3.0318974177960993
3098,2.470280208918978
3099,3.0498908013703128
3100,2.7145379929102873
3101,2.6051268292406706
3102,2.9259270941779647
3103,3.05703906805124
3104,2.6974992748063986
3105,2.4239179894173097
3106,2.7800677335370874
3107,2.7840984666566184
3108,2.777882396329823
3109,2.5996847779626253
3110,2.9957594286062506
3111,2.9440566927242275
3112,2.8242429879103677
3113,2.7874316689442815
3114,2.511438377239415
3115,2.6537834056458616
3116,2.9247649002177125
3117,2.699758559195091
3118,2.6564439176182177
3119,3.0003964543209523
3120,2.728417673968411
3121,3.013615209814127
3122,2.693694261588826
3123,2.638542795282032
3124,2.328557816467856
3125,2.684858911483017
3126,2.832320645526033
3127,2.5650145876517194
3128,2.9971467483683787
3129,2.4242820396463243
3130,3.0031702046827107
3131,2.839258629719672
3132,2.6941532432146524
3133,2.9065363255097814
3134,2.5809416148240514
3135,3.0066146905264457
3136,2.735020505260999
3137,2.6099075569624746
3138,2.936061785921877
3139,2.6496785355787025
3140,2.3880092985303265
3141,2.7577759037047125
3142,2.789818311664712
3143,2.8209121399352983
3144,2.9144594362878826
3145,2.788053971792772
3146,2.840759072138382
3147,2.8908924481198217
3148,2.5592871847972143
3149,2.8136764364829734
3150,2.645826868418775
3151,2.9968558818356175
3152,2.9734826140165334
3153,2.7509830365924413
3154,2.6210712307892146
3155,2.7696920369507443
3156,2.5204245467860686
3157,2.9119051743721
3158,3.022571813567757
3159,2.997444856365294
3160,2.8157430526837692
3161,2.898445479391608
3162,2.717473794343018
3163,2.617102200228165
3164,2.815585628255648
3165,2.643409567151117
3166,2.6477704436808054
3167,2.6561649686246898
3168,2.738046639396503
3169,2.774153997298258
3170,2.0598110566902568
3171,2.5799202716059306
3172,2.573404769720742
3173,2.921831905149012
3174,2.7174765749421734
3175,2.794881604629535
3176,2.8700127115062077
3177,2.7625913173228076
3178,2.5628743931925477
3179,2.8254259096549608
3180,3.096638955961618
3181,2.6295893030056745
3182,3.1322492751057673
3183,3.035990137821279
3184,2.8294909389919916
3185,2.8445435173193636
3186,2.9857554649471467
3187,2.714221485225997
3188,2.523895040973923
3189,2.796901836757175
3190,2.7617296730917666
3191,2.5106522950068415
3192,2.61837069944446
3193,2.935141714899729
3194,2.301248962585288
3195,2.933793183218109
3196,3.1864562097657507
3197,2.756475116849237
3198,2.8738195334522274
3199,3.053797968529117
3200,2.725115714050924
3201,2.1108820642684556
3202,2.4228388321801817
3203,2.7715667448784838
3204,3.021885197390613
3205,2.7820616513968814
3206,2.7924076520680274
3207,2.653306373173302
3208,2.90994759744225
3209,2.8612423505570286
3210,2.1880632722029016
3211,2.8318752083765384
3212,2.7902695169169247
3213,2.29101131570498
3214,2.6711147917562283
3215,2.838891878181958
3216,2.9696841219584518
3217,2.739978911325223
3218,3.0418546211458035
3219,2.8510388216037437
3220,2.607515398181867
3221,2.8850604242068787
3222,2.926087096135169
3223,2.872190955965467
3224,2.7333724036076514
3225,2.84051777158815
3226,2.8426750258436164
3227,2.6033124752084986
3228,2.3151927943072317
3229,3.061592171585954
3230,2.8262701070234066
3231,2.7025608681831197
3232,2.9461671980454494
3233,3.110854962609173
3234,2.840521188966772
3235,2.910943104228438
3236,2.6053246107632955
3237,2.738609561451548
3238,2.611962625366496
3239,2.816798985497934
3240,2.857933538090238
3241,2.8572195215621896
3242,2.8675144275755913
3243,2.7261623018476118
3244,2.6845712706484175
3245,2.838992659452578
3246,2.7799828267894022
3247,2.9882908450474037
3248,2.383491168152967
3249,2.8561780238301733
3250,2.574372836544964
3251,3.0838088848381053
3252,2.844106707449483
3253,2.6762151410837496
3254,2.8132717676907903
3255,2.46149063682284
3256,2.5810764693506383
3257,2.6245797212108704
3258,2.8330567721912443
3259,2.6110109108852266
3260,2.8324573069752783
3261,2.7979626661999166
3262,2.6788624028933845
3263,2.9472264314476977
3264,2.974986789790305
3265,2.4504078743702418
3266,3.068054673278607
3267,2.800625774262073
3268,2.906055657752386
3269,2.586899546219563
3270,2.8821931986921183
3271,2.657632530572717
3272,2.94698146789918
3273,3.050083813389937
3274,2.803897511517424
3275,3.0831827449658067
3276,2.7649934788264803
3277,3.0166138974694996
3278,3.131430192532388
3279,2.6035342104094297
3280,2.9394894192260486
3281,2.7074844342899524
3282,2.9305383920971395
3283,2.955178085307582
3284,2.7814222499523678
3285,2.5353215592322424
3286,2.6717037669519246
3287,2.5952097526710642
3288,2.862254158356861
3289,2.6544246943274836
3290,3.170398602578481
3291,2.8245681526154627
3292,2.820209374280682
3293,3.130337175738783
3294,3.0138585513814324
3295,2.969967618087613
3296,3.0699511608294148
3297,3.008906603741043
3298,2.9178950657633305
3299,2.915666300457879
3300,2.659114418374842
3301,3.0710961873224107
3302,2.962374446620325
3303,2.823825050596802
3304,3.015119663395059
3305,2.826822041158871
3306,2.969386850057167
3307,3.051354131386587
3308,2.7732052323509224
3309,2.1897642640792987
3310,2.614018197260459
3311,2.303614789093391
3312,2.9456792277977444
3313,2.838290871376222
3314,2.820149775460829
3315,2.7106621927078223
3316,2.776787707681903
3317,2.685352461316804
3318,2.3550322659600713
3319,2.5140249136446515
3320,2.671361176423425
3321,2.882762627670982
3322,2.827575827038513
3323,2.8810718541150404
3324,2.7192324467207714
3325,2.6487063441594354
3326,2.646570110465707
3327,2.9686764248353867
3328,2.491675404910802
3329,2.716762338961219
3330,2.781824143916456
3331,2.4369224675678534
3332,2.654764047573223
3333,2.7035900436893745
3334,2.937590789350586
3335,2.7351232793207862
3336,2.6215027064378673
3337,2.8629838832000463
3338,2.7502751277693513
3339,2.8855709929331907
3340,2.68614990709991
3341,2.4351824450613577
3342,2.9759268220498543
3343,2.8507798288434643
3344,2.8213073348621935
3345,2.584230960277675
3346,2.906935213327398
3347,2.5396953437312626
3348,2.739178901221224
3349,2.1711218479837915
3350,3.0973272381150005
3351,2.7550279926763497
3352,3.1289184471603066
3353,2.454669975924082
3354,3.0432861240180884
3355,2.358855004027901
3356,3.0648226096067432
3357,2.845572854734493
3358,2.788272879170895
3359,2.6029933726279717
3360,2.7927375647374832
3361,2.64165454570392
3362,2.313644337097216
3363,2.7740053397935283
3364,3.0606165384265407
3365,2.9573184537173054
3366,2.980816216196545
3367,2.6204256586908494
3368,2.8629986967962266
3369,2.795739854853951
3370,2.804003096950111
3371,2.9176100593096503
3372,2.4773699201927895
3373,2.518235899795144
3374,2.1373670161445486
3375,2.4654495176718845
3376,2.9998811506600016
3377,2.9493520250499814
3378,2.5773592242709733
3379,2.873563139894251
3380,3.099802855564461
3381,3.0516267423357664
3382,3.0138266028376512
3383,2.6562757156141963
3384,2.481686377742889
3385,2.718311329320509
3386,2.928221229316343
3387,2.8885438191662502
3388,2.7608477674779035
3389,3.014853064072524
3390,3.0216104409817053
3391,2.7744065773564404
3392,2.9981811699879204
3393,2.579920438217434
3394,2.9954770847693455
3395,2.683462341038494
3396,2.688928040950128
3397,2.3600642813277433
3398,2.7709801133010425
3399,3.113246656634867
3400,3.0652580904914286
3401,2.9689553498506536
3402,2.8205229271954932
3403,2.8707414980817507
3404,2.945005170503026
3405,2.913827778364959
3406,2.836593217020325
3407,2.810209336640302
3408,2.9239209782408215
3409,2.865885954811725
3410,2.967533182957682
3411,2.8800400828833155
3412,2.6918902218868537
3413,2.5710458195827477
3414,2.671506131467598
3415,2.9577777841074067
3416,2.8863587496389
3417,2.854884032503664
3418,2.562577931595965
3419,2.6352125334034557
3420,2.838374042085636
3421,2.775636740125564
3422,2.9493322741670664
3423,3.181984922376796
3424,2.320655285188394
3425,2.9939648502614014
3426,2.56620643380283
3427,2.4525126514996325
3428,2.8724424973786595
3429,3.117203239296059
3430,2.728824460147275
3431,2.8525725709529084
3432,2.819635603939729
3433,2.87777684257078
3434,2.9327475556869316
3435,2.9951046512411836
3436,2.7104013758202465
3437,2.7271626756196508
3438,2.684024751631928
3439,2.705735556219621
3440,2.6111944478050426
3441,3.046671259279515
3442,2.827874004371996
3443,2.921750311295797
3444,2.9363707761452162
3445,2.69742609197561
3446,2.927730042831684
3447,2.9415381317638056
3448,2.869079130958459
3449,2.56544484025503
3450,3.044669905589439
3451,2.847847993937606
3452,2.919532272488764
3453,2.671517710240534
3454,2.44484783026448
3455,2.467191584764041
3456,3.054001168723986
3457,2.8638639162151334
3458,2.556562256628243
3459,2.995057913995713
3460,2.884526685662469
3461,3.0088435586642075
3462,2.9258878029869266
3463,2.6882830184672657
3464,2.890274659840511
3465,2.9160701230655452
3466,2.8063102325217666
3467,2.8451669770270454
3468,2.513452551820523
3469,2.7318998374298276
3470,2.6452634578034924
3471,2.9806949473292446
3472,2.9567344818363988
3473,2.756618167987069
3474,2.9655672641697817
3475,3.0867446081139622
3476,2.6375850093344546
3477,2.2862622176112475
3478,2.597226661479204
3479,2.6796217872030463
3480,2.52677435924166
3481,2.70591713907633
3482,2.6606534915215136
3483,2.992579956442587
3484,3.061679830193701
3485,3.162055981335597
3486,2.655419165939478
3487,2.5953189608050513
3488,2.9112363869419497
3489,2.9597753411554444
3490,2.6498079289630265
3491,2.931805057736493
3492,3.052859877691331
3493,3.020399035078152
3494,3.1377257078874012
3495,2.9010520049757815
3496,2.844222029325777
3497,2.9035446361881125
3498,3.0469984316146848
3499,2.767738819207448
3500,2.8226696085182263
3501,2.818026857331216
3502,2.5956543477244027
3503,2.7849403665947365
3504,2.74210269744946
3505,2.6436516290680587
3506,2.9381784402949487
3507,2.9834625966856736
3508,2.8703488302904367
3509,2.8889357911007125
3510,2.6295891143603654
3511,2.8402218804071153
3512,3.0819542134503304
3513,2.864798224104241
3514,2.660248069977622
3515,3.17416418569353
3516,3.1139336562814663
3517,2.7124787353484923
3518,3.030604198431657
3519,3.0109410517353306
3520,2.8695184229522264
3521,2.4439041359863554
3522,3.0514157945473923
3523,2.7193411089937594
3524,3.014916231667043
3525,2.305023227801146
3526,2.6439279962869766
3527,2.49815526853509
3528,2.6678194153283616
3529,2.782299234354211
3530,2.680803562835245
3531,2.351381674667821
3532,2.6351951882377107
3533,2.7933831399255764
3534,1.7744146969224792
3535,2.869414295115856
3536,2.6423224245782473
3537,2.7088926195398524
3538,2.699045063015763
3539,2.833292320390224
3540,2.6926956573261385
3541,2.997021600733538
3542,2.883974423672637
3543,2.7741895566283805
3544,2.963830538556499
3545,3.0830817911691755
3546,2.9069378689982917
3547,2.6990895543545688
3548,2.503013978303747
3549,2.8527390933803383
3550,1.8889902224707338
3551,3.055053007354484
3552,3.0430834953917816
3553,2.5859049558675986
3554,2.661723611512479
3555,3.00140565499019
3556,2.742340397508758
3557,2.5606495573782255
3558,3.071381127232379
3559,2.840985019370083
3560,2.764291571710558
3561,2.434855275830716
3562,2.723133709848483
3563,2.8407082905502796
3564,3.059708018927736
3565,2.919876076993822
3566,2.9415671768524327
3567,2.8142124050497674
3568,3.056332635504468
3569,2.822596898724907
3570,2.4097890690614676
3571,2.556379942486857
3572,2.720661346366631
3573,2.9763126834565217
3574,2.760706096374907
3575,3.18717457350977
3576,2.6969107447151877
3577,2.606022513562473
3578,2.648701780388042
3579,2.9466935781928454
3580,2.7430828485677874
3581,2.929978455983751
3582,2.5082811837259973
3583,2.885668650347144
3584,2.4271512025007955
3585,3.055036369602261
3586,2.7820943040775847
3587,2.7671209627410316
3588,2.6973420009230917
3589,2.5440255380677965
3590,2.447510814217225
3591,2.8176942182839815
3592,2.6044226458306534
3593,2.8384005234371967
3594,2.7749602231547468
3595,2.6561261615162195
3596,2.730239430685687
3597,2.4359614295885774
3598,3.011504173677513
3599,2.636359850227857
3600,2.882993903988398
3601,2.8969135977462392
3602,2.6622639143250213
3603,2.5797973812511996
3604,2.6886162525982544
3605,3.1141673393783997
3606,2.843651424405408
3607,3.158386232346192
3608,2.4111223722671777
3609,2.6151354253382904
3610,2.6049712041120037
3611,2.938526019876239
3612,2.4291755800437946
3613,2.8444842587468138
3614,2.6521928181195533
3615,3.0852187563566567
3616,2.7700273278617455
3617,2.775611678898614
3618,3.1375438953437174
3619,2.648185759429457
3620,2.719117044232307
3621,2.7112892549800116
3622,2.9447725635609165
3623,2.6200295668523257
3624,3.095582262225697
3625,3.1353357397337076
3626,3.0297603605247065
3627,2.8563173526587535
3628,2.82046761133102
3629,2.6518192826990754
3630,2.4201809921661424
3631,2.8311465657221433
3632,2.8296668586380433
3633,2.474376775786411
3634,2.8895671028428986
3635,2.980527751046304
3636,2.8893411683175927
3637,2.7137021074430443
3638,2.8572409021104503
3639,2.8811236510433385
3640,2.6072658087038776
3641,2.665271482153024
3642,2.6138066241603264
3643,2.3696404324000206
3644,2.7948797282753115
3645,3.0893329591085212
3646,2.715047723223653
3647,2.6645178401677287
3648,2.8582452105929734
3649,2.7528256312574
3650,2.732283443984954
3651,2.2650540470045613
3652,2.5685859212504476
3653,2.7876774088784564
3654,2.8454727006067464
3655,2.7518691889928446
3656,2.6652101937426274
3657,2.756169208428411
3658,2.6098066695751294
3659,2.7613733958173325
3660,2.782303504300771
3661,2.6633168328454095
3662,2.9118380485700324
3663,3.020605333063479
3664,2.053910770766463
3665,2.822130768872622
3666,2.7149711254694746
3667,2.761872866736885
3668,2.9687305248614075
3669,2.5584174948175757
3670,2.9318326463260727
3671,2.8698309547565484
3672,2.9832570338707765
3673,2.5337407286077407
3674,2.61026582069476
3675,2.6269993026973655
3676,2.2663169453996344
3677,3.1061501525803616
3678,2.7965492299086474
3679,2.532223746239016
3680,2.948837758364045
3681,2.779403981583357
3682,2.6821608738754232
3683,2.9755661388530523
3684,2.476331391490371
3685,2.288250755529217
3686,2.623832205939106
3687,2.749514949012079
3688,2.7595186913859107
3689,2.728427310813661
3690,2.9353931692428294
3691,2.649772140020641
3692,2.8382782464461194
3693,3.041735174077847
3694,2.363155320801057
3695,2.7045858332430006
3696,3.162410897176063
3697,2.713995576778049
3698,2.255804051228685
3699,1.9587872484550028
3700,2.996806482915957
3701,2.9750888113950396
3702,2.6145742150459905
3703,2.902665817906114
3704,2.7786465475174147
3705,2.851307198703239
3706,2.8079751956098424
3707,3.0573523345127556
3708,2.635735951858911
3709,2.9749752428782976
3710,2.458143245472084
3711,2.311872637093159
3712,3.08076989433176
3713,2.974903431167183
3714,2.923602828757865
3715,2.8331216184961083
3716,2.317361684830572
3717,3.063058807437526
3718,2.5334347402661455
3719,2.8852204242609143
3720,2.7982739971588377
3721,2.798945610480436
3722,2.9790564731044125
3723,2.719712105199715
3724,2.950313894025109
3725,2.998237878459961
3726,2.9163745214386694
3727,2.64704492134856
3728,2.961381890578061
3729,2.8435307814998314
3730,3.1347395213741733
3731,2.894755263267841
3732,3.1131586919507472
3733,3.0134678711716196
3734,2.7526738318017525
3735,2.955611590886536
3736,2.541231135391868
3737,2.7886584510431676
3738,2.7376686062532825
3739,2.7982346443733634
3740,2.5236164895489788
3741,2.72715559394713
3742,2.606816855344519
3743,3.1443289239469596
3744,2.857603993713403
3745,3.1357107154331283
3746,2.8431538554675426
3747,2.996038886382591
3748,2.764233918155624
3749,2.8713550615310313
3750,3.0193833173093925
3751,2.9598211703153083
3752,2.7360425568094393
3753,2.8867569703580753
3754,2.5453236466632942
3755,2.9736527931994936
3756,3.0150262867820747
3757,2.9915401614877077
3758,2.9407378393744676
3759,2.8011721406823398
3760,2.642112925254684
3761,3.009354742848508
3762,2.5985900832610387
3763,2.8010948405893323
3764,2.87774916413956
3765,2.3937215770538374
3766,2.763566377754534
3767,2.829933537553833
3768,2.7184389589016895
3769,3.003165927649043
3770,3.1267359788645663
3771,2.717205103368045
3772,2.570953414535216
3773,2.482166084989876
3774,3.0392225190771054
3775,3.0852611841897977
3776,2.6207649465123013
3777,2.787642369039008
3778,2.892352192963258
3779,3.016614489780422
3780,2.369180124123402
3781,2.754080775968951
3782,2.828343422804236
3783,2.759701932514724
3784,2.508612349710561
3785,2.967754891915514
3786,2.886930406868904
3787,2.8643635805009104
3788,2.7243846273843664
3789,2.3734284477728282
3790,2.4643495992844717
3791,2.991866909263627
3792,2.7526253536450564
3793,2.8962597086168596
3794,2.8385616733991834
3795,2.5518746643994294
3796,2.920580526502838
3797,3.1178946735468727
3798,2.5132292290597102
3799,2.9393791713073902
3800,2.9754127402402735
3801,2.8782682717016312
3802,3.020255791922271
3803,2.927513181946659
3804,2.8780774910007274
3805,2.505160779970105
3806,2.640491822304566
3807,2.9805025591602825
3808,3.0740078495754277
3809,2.959383752116682
3810,2.723632418394497
3811,2.948756156007281
3812,2.71327896990781
3813,2.9008005204939624
3814,2.831720868513055
3815,2.6115533701720106
3816,2.830988698474922
3817,2.4748947623401287
3818,2.818909951616968
3819,2.8140360700510794
3820,2.6127755108731074
3821,3.0343700033630814
3822,2.9354278629322184
3823,2.108302877572827
3824,2.7913739302375933
3825,2.861042724765932
3826,2.86812776169724
3827,2.6926971347014494
3828,2.521718597047195
3829,2.985117422703129
3830,3.0356594672216404
3831,2.436352793798884
3832,3.002728727074305
3833,2.8821878158168435
3834,2.5197862929553367
3835,2.5021543103267923
3836,2.698661912780608
3837,2.7553662270988237
3838,2.4891230502363504
3839,2.3776838380179175
3840,2.9107707670632275
3841,2.591035888276792
3842,2.65611726739644
3843,3.018614903452431
3844,2.2710274731774613
3845,3.1837571967984513
3846,2.869682052004334
3847,2.9767001009346172
3848,2.9689465964721693
3849,3.0843831120134175
3850,2.563576951839801
3851,2.7712028182058237
3852,2.867374132026539
3853,2.6425104753686997
3854,2.816228536927169
3855,2.7483997442645225
3856,2.5483866314775887
3857,2.667670780086228
3858,2.52978726253728
3859,2.455710736601376
3860,2.837701296697336
3861,2.705579018880529
3862,2.851343452536285
3863,2.609669193785637
3864,3.0229231247639605
3865,2.8942123878926145
3866,2.950718275102087
3867,3.0018792382919677
3868,2.530179763254789
3869,2.7708097227344948
3870,2.8374111954964425
3871,2.8505987775728205
3872,2.808221601001202
3873,2.811412546924613
3874,2.6731760982451114
3875,3.044158690510841
3876,2.9568344714453287
3877,3.034798369984323
3878,2.465924145205538
3879,3.108893960846042
3880,2.9925897082213866
3881,3.1103380525034723
3882,3.01536685510037
3883,3.135964031123641
3884,3.015726158241648
3885,2.8116978281155887
3886,2.6776843384136226
3887,2.4648660427595828
3888,2.369724922984228
3889,2.993945422780436
3890,3.13638790219398
3891,2.9694427646744703
3892,2.988014203541872
3893,2.848043089734844
3894,2.6663342610057126
3895,2.916566841626477
3896,2.74120266379958
3897,2.7046699760736543
3898,2.469983537417863
3899,2.972029901396823
3900,2.3806703511650578
3901,2.90845028747605
3902,2.6950775426295968
3903,2.895722951874716
3904,2.915080468384679
3905,2.86030286683796
3906,2.232741270428241
3907,2.813397045580686
3908,2.696397022882177
3909,2.769681522418639
3910,2.8709402728573856
3911,2.8734457679292853
3912,2.7864610032290393
3913,2.829219933117413
3914,3.086297581057777
3915,2.824767576700575
3916,2.357649691886256
3917,2.9113340019459826
3918,2.5410903047839684
3919,2.587165856212197
3920,2.6520897036384525
3921,2.986509752990857
3922,2.8310017462426402
3923,3.1164328025498405
3924,3.018330178372597
3925,2.8167881271302666
3926,2.6924142712214314
3927,2.8801706353616274
3928,2.553077507303787
3929,2.9596234700205164
3930,2.9348030548913107
3931,2.396654324719857
3932,3.0050795991873422
3933,3.0794675044379787
3934,2.803737683710987
3935,3.1132691005312534
3936,2.810240241351066
3937,2.9655469822497103
3938,2.9743452328403097
3939,2.91632485520608
3940,2.7758707549493282
3941,2.5108265416063333
3942,2.3100500239309927
3943,2.5971227593063717
3944,3.0969956572366177
3945,2.6831197127779314
3946,2.6497419903189927
3947,2.5726635241915004
3948,2.655915133418001
3949,2.716752792210763
3950,2.8481349897102435
3951,2.761935839011942
3952,2.822880240286879
3953,2.6375436686630245
3954,2.526950066005302
3955,2.8481834163577258
3956,2.7755134034471514
3957,2.9893685524986284
3958,2.5849916257393133
3959,3.0466001596589916
3960,2.802163065904532
3961,3.052942162694997
3962,2.5723569245314533
3963,2.8359714128893403
3964,3.0684796310111775
3965,2.5941243352101506
3966,2.8318762755375317
3967,2.6246493632787753
3968,2.6801036918843186
3969,3.014875540468735
3970,2.6300085821531294
3971,2.819955502186107
3972,2.372252994363357
3973,2.9059998630815747
3974,2.5827733444075696
3975,3.0369430672586257
3976,2.7122848809994897
3977,2.760560078609167
3978,3.0028980981468503
3979,2.891723766582187
3980,2.4728690848501618
3981,2.9279188923947626
3982,2.231512098995344
3983,2.7498425314695534
3984,2.6914734887882363
3985,3.028116264255235
3986,2.7576960309888228
3987,2.549195981674603
3988,2.6984735636478647
3989,2.986181015567906
3990,2.831240377636642
3991,2.7186492028911107
3992,2.9498861801926277
3993,2.690044234505674
3994,2.79399329372012
3995,3.0658270960822454
3996,2.838941084793002
3997,2.5157523440670038
3998,2.328213536598706
3999,2.9919684745801445
4000,3.1008988439409966
4001,2.817850542121798
4002,2.4524767593938406
4003,2.9538134420327666
4004,2.82707638659585
4005,2.578910508524683
4006,2.855374164822349
4007,3.0856592929329416
4008,2.950986992963629
4009,2.7992557143290018
4010,3.031600238847717
4011,2.5883475702935748
4012,2.6650263340521456
4013,2.8072704269865434
4014,2.8719583751333655
4015,2.7118038762511687
4016,2.3802489129166786
4017,2.657578470207974
4018,2.6681534885810616
4019,2.463698124504133
4020,2.7232153450689025
4021,2.948795710161779
4022,2.6887565280135455
4023,2.61662097098786
4024,2.8957095045612036
4025,2.970029777048438
4026,2.932729297181124
4027,2.7701871535839877
4028,2.7703725806015727
4029,2.885126323268587
4030,2.896634255391948
4031,2.9855025556495045
4032,2.8792884973324564
4033,2.5595254734196744
4034,2.532331526207343
4035,2.953401700395806
4036,2.6339827389240544
4037,3.066795591548155
4038,2.995700857999111
4039,2.8248185556581236
4040,2.885082554126095
4041,2.966017817079153
4042,2.7757153787609776
4043,2.3222011903593294
4044,2.931599799658932
4045,2.6298539919241692
4046,3.10320497725267
4047,3.123373712589956
4048,2.604440774194658
4049,2.763484974735062
4050,2.8318419148665286
4051,3.0929084560482534
4052,2.4077146179147086
4053,2.8447428493772886
4054,2.627136444636047
4055,2.7314560284261193
4056,3.0429471269681474
4057,2.4430602410223696
4058,2.950870473651333
4059,2.7542926459494557
4060,3.0910365229987886
4061,2.894798253062812
4062,2.538358943027037
4063,2.579082177206344
4064,2.8030666573304925
4065,2.812871854170323
4066,2.8106941841417394
4067,2.9670038761065176
4068,2.2161536436353257
4069,2.566046293849061
4070,2.883019280607947
4071,3.1061557393848465
4072,2.7997773032888986
4073,2.8770485856543444
4074,1.9384434466501268
4075,2.745278742134401
4076,3.0772094762725026
4077,2.729388259281185
4078,2.998576619234926
4079,2.9100186846340654
4080,2.647341859079401
4081,2.9037209241192863
4082,2.8207534908406737
4083,2.5910999631343437
4084,2.918104835325651
4085,2.920571442531868
4086,2.4847188816274763
4087,2.7728957493576813
4088,2.691410116235576
4089,2.797458162955272
4090,2.620465985019791
4091,2.8883476171370703
4092,2.757357472784011
4093,2.916716670119456
4094,2.8537805840450052
4095,2.3800803734517797
4096,2.7884605221123118
4097,2.8299619013423025
4098,2.7864336675634025
4099,2.5383303925137017
4100,3.129355666726112
4101,2.3964707449296228
4102,2.655530776421783
4103,2.9489082717211006
4104,2.9014014721542893
4105,2.7594465959531127
4106,2.5855245784695207
4107,2.3528148422314015
4108,2.791188854541433
4109,3.0645713092595273
4110,2.7216086549231835
4111,2.960365463306309
4112,2.866881602905507
4113,2.6173196990653183
4114,2.9014409583906176
4115,2.9143534478313544
4116,2.922492262316627
4117,2.250123553993065
4118,2.771627754184276
4119,2.1149670083948964
4120,2.9844754477673447
4121,2.2034841309865025
4122,3.0201124437274056
4123,2.9559990964323326
4124,2.8309251396835564
4125,3.06868728698315
4126,2.7997336752079924
4127,3.014917530773679
4128,2.701796929076652
4129,2.802147280684257
4130,2.99548529135547
4131,2.731984751606384
4132,2.4236608284490315
4133,2.6300881773229747
4134,3.0226549774095424
4135,2.579482934930274
4136,2.280158883580063
4137,2.5193013750354996
4138,2.4421744685737576
4139,2.548857651845787
4140,2.837622870239061
4141,2.40174826880874
4142,2.6709997309398834
4143,2.71642973282401
4144,2.930534347002877
4145,2.916386620941582
4146,3.129594302218452
4147,2.845179117184691
4148,2.5352270188108386
4149,2.8952579760541357
4150,3.0122705819238766
4151,2.9662817016842653
4152,2.8389689617127045
4153,2.9245542617272293
4154,2.7250431025092277
4155,3.0993262869248603
4156,3.0418851238796067
4157,2.951111945227975
4158,2.9054992713408136
4159,2.768515373576177
4160,2.7688374584462756
4161,2.8256275388984053
4162,2.01299091053962
4163,2.9939793205730503
4164,2.8127890894960963
4165,3.1212516643843755
4166,3.085005799367857
4167,2.874367699042016
4168,2.6626573140569563
4169,2.610424686938691
4170,2.771990367256322
4171,2.765831569253703
4172,2.7511311512508683
4173,2.399010049353905
4174,2.6227538800697285
4175,2.774662586968235
4176,2.3975225242835188
4177,2.8689046174879125
4178,2.5898764769245055
4179,2.5426756820973524
4180,3.004888335003231
4181,2.826485093196
4182,2.945715757559454
4183,2.878277659750381
4184,3.0932889957341843
4185,2.5660557163031066
4186,2.6482524041941047
4187,2.6337352985124016
4188,2.8990759019505017
4189,3.009921099912947
4190,2.985724821943345
4191,2.5704632610356466
4192,2.4810311351927963
4193,2.9443013783013168
4194,3.0550942590844494
4195,3.031609366831485
4196,3.028879198205787
4197,2.4183160463513684
4198,2.8408969865279485
4199,3.1060893502173887
4200,2.641290711020017
4201,2.6400644267113806
4202,3.077116764124855
4203,2.546970420714814
4204,2.814248253828173
4205,2.8577369107007446
4206,2.930035668084984
4207,2.68291531680102
4208,2.847427468941926
4209,3.08422182266163
4210,2.8435922902260393
4211,2.281125386725768
4212,2.7698435786366424
4213,2.276196231177747
4214,2.3829776825223443
4215,2.792600416880906
4216,2.6510749868193026
4217,2.6003000671848513
4218,2.7289292965068688
4219,2.9492154522235747
4220,2.69598426330408
4221,2.802545595306475
4222,2.225582830673309
4223,2.865443335197564
4224,2.980181363610146
4225,3.186001297752315
4226,2.7412567133165253
4227,2.9906367062206973
4228,3.020302497739474
4229,2.9204024327375984
4230,2.789639246222489
4231,3.0077292916117018
4232,3.0122557096834246
4233,2.90337230603385
4234,2.876406379299486
4235,2.8622105536805904
4236,2.7800145594429466
4237,2.4346288948106847
4238,2.9008717079185753
4239,2.8794675183425418
4240,2.578855693042735
4241,2.9081213399328276
4242,2.8278616691377856
4243,2.319174960683695
4244,2.584007500031019
4245,2.72793807447781
4246,2.950475039436615
4247,1.9722155960332068
4248,2.942373829214154
4249,2.949211738588719
4250,2.2729741901324907
4251,2.571442172557919
4252,2.7350843798228994
4253,2.7025330284531326
4254,3.1025687979799024
4255,2.934461884504116
4256,2.4536138317931435
4257,2.8412340910819927
4258,2.929968821043341
4259,2.8875047308358965
4260,2.5535242389937913
4261,2.8882322801547518
4262,2.78293856364373
4263,2.811891192038929
4264,3.017595151084809
4265,2.6377425605485363
4266,2.567602341346819
4267,3.11755382886418
4268,2.481722304050897
4269,2.9006391018551096
4270,2.892833195592986
4271,2.878088376404622
4272,2.773715442772678
4273,2.9718208518645257
4274,3.1264517982481936
4275,2.770850415950625
4276,3.0218548670162892
4277,2.461511141543283
4278,2.9608863440286872
4279,2.614113590623631
4280,2.9790042019307954
4281,2.97161079996678
4282,2.950800443582795
4283,3.1221905992089787
4284,2.9127830998031627
4285,2.9823214288971918
4286,2.7819649475922335
4287,2.355288729013074
4288,2.764720584399136
4289,2.8798035703949556
4290,2.867217978303334
4291,2.7735093384437985
4292,2.9266224411905584
4293,2.8597376106478043
4294,2.9302017429690324
4295,2.739200954482227
4296,2.806873537535509
4297,2.6907490308817548
4298,2.813938463197448
4299,2.988505349782554
4300,2.7210937639587143
4301,2.7539487240414537
4302,2.6348405375564594
4303,2.7975626967589364
4304,2.606470714462609
4305,2.8969779383435252
4306,2.639992535218064
4307,2.7717360592690783
4308,2.867148580820658
4309,2.8180778308396928
4310,2.773606019621661
4311,2.9308186969480654
4312,2.454269933095966
4313,2.8395576124543256
4314,3.056337766051155
4315,2.8137506589049286
4316,3.0614395859854184
4317,2.7122077658978547
4318,2.8810878452655717
4319,2.804248452490273
4320,2.401090208686817
4321,2.5453664806017278
4322,2.7048421758932957
4323,2.967980026157814
4324,2.5527951480593054
4325,2.735824146591981
4326,2.4130682269196666
4327,2.913460240867062
4328,3.0546204344328234
4329,2.712651253280819
4330,2.4589968746201465
4331,2.8681003713352387
4332,2.792174677596537
4333,2.9438607736621023
4334,2.728258744575352
4335,2.9088273056527862
4336,2.992063163583094
4337,2.7010548907152736
4338,3.026776967484294
4339,2.935761209488791
4340,2.940533335486484
4341,2.8202955188164087
4342,3.0183530377213716
4343,3.1596086714453757
4344,2.4804376925846907
4345,2.7293734876381213
4346,2.562215090354586
4347,2.6050175479864808
4348,2.962422951919375
4349,2.623138900093254
4350,2.8258637878956367
4351,2.520678382454802
4352,2.869869472851774
4353,2.801236948946424
4354,2.771552127927044
4355,2.776894141250554
4356,2.5470049934062917
4357,2.9472349272530582
4358,2.2943582058735417
4359,2.693103904061214
4360,2.4424408167403113
4361,2.6726684441685142
4362,3.0585107266060647
4363,2.834521549436962
4364,2.995388519524526
4365,2.229875515953534
4366,2.855329506853998
4367,2.1461503762889995
4368,2.6685959283409613
4369,2.7483058026092038
4370,2.510668641334541
4371,2.936097400324749
4372,2.7551368075997456
4373,2.4765175012633063
4374,2.760930467742844
4375,2.5193554599537924
4376,2.306390792057053
4377,3.0825823399862586
4378,3.092896629015229
4379,2.6981305773717748
4380,2.8730845268736114
4381,2.7625403784084313
4382,2.5186893922948754
4383,2.698070685307164
4384,2.8768978370508096
4385,2.4145964676605702
4386,2.798489653206455
4387,2.366394722835729
4388,2.7426859332773392
4389,2.6016324950579075
4390,2.7313789838517275
4391,2.9484307833659193
4392,2.8793702398355023
4393,2.8857075113453563
4394,2.9652537158173353
4395,2.8351809558195025
4396,2.9408264198999072
4397,2.8569468339735304
4398,2.8994786927512313
4399,2.973528010689622
4400,2.9821077772717755
4401,2.7517666090885755
4402,2.7840763698731363
4403,2.726273660939253
4404,2.6133916745413006
4405,2.9328747692266535
4406,2.6229200477467622
4407,2.9506207495809957
4408,2.894638156475999
4409,2.699788202835266
4410,2.8669804556679277
4411,3.011797912929118
4412,2.861481760157366
4413,2.9975825280954536
4414,2.7265448500304608
4415,3.01671923180787
4416,2.934920453217155
4417,2.880266784063595
4418,2.400686018974532
4419,2.790625955586638
4420,2.633501533684181
4421,2.72026449287848
4422,2.9700063266115726
4423,2.8085942209441424
4424,2.3749555739628816
4425,2.9731403155647764
4426,2.9311389003008474
4427,2.69481052070831
4428,2.8337532472834597
4429,2.923348147861124
4430,2.7335344350264474
4431,2.674912028687102
4432,2.6802558563636514
4433,2.7406734728002307
4434,2.5729943029642124
4435,2.6419060695841305
4436,2.910115486587984
4437,2.8085072888219114
4438,3.0574385086059195
4439,2.761427402906137
4440,2.7565451877887197
4441,2.8346765810815002
4442,2.858809606828381
4443,2.607931963870296
4444,2.8494898796686567
4445,3.0573178013503415
4446,2.9200877585882026
4447,2.9685308374082124
4448,2.458352107908698
4449,2.5534168957629166
4450,2.6549179397060603
4451,2.778322328975136
4452,2.9109579350879073
4453,3.0406622133262564
4454,2.8907554440397485
4455,2.8174525839512192
4456,2.8028347367953463
4457,2.4104596765662376
4458,2.763264315619879
4459,2.7709498484299706
4460,2.872763893879263
4461,2.686981042347439
4462,2.7785464194178573
4463,2.8988830030680988
4464,2.6335264447710016
4465,2.740774439461793
4466,2.8419521814869095
4467,2.935947615701565
4468,2.798173208021989
4469,3.074109578945318
4470,2.9816204043806422
4471,2.7645035466093173
4472,2.6846641408600895
4473,2.6922587877854114
4474,2.9681220840321765
4475,2.9973919000292506
4476,2.706982343058981
4477,2.924176697481034
4478,2.6010507217988805
4479,2.8441398576449215
4480,3.010864536364623
4481,2.962931872656836
4482,3.0175754000295356
4483,2.8155814773413863
4484,2.5189598315750685
4485,2.8022065701059184
4486,2.5965830340493516
4487,2.7825718981574705
4488,2.9293072547774
4489,2.9804532175289777
4490,3.109550624868889
4491,2.8430622595060133
4492,2.5972141183293296
4493,2.738932114573801
4494,3.076699132534824
4495,2.7536304759341346
4496,3.111293822802451
4497,2.6291841395327973
4498,2.715789567122969
4499,2.5805155682357306
4500,2.7981264076738745
4501,2.729666328915152
4502,2.4937854098906374
4503,2.843721977931513
4504,2.861271210599227
4505,2.8266239506349917
4506,2.517193260915239
4507,2.8712676485166546
4508,2.857256261425162
4509,2.6544671522122245
4510,2.195211848911296
4511,2.9569311729131056
4512,2.849605276197134
4513,2.7696620170763766
4514,2.6170665358365293
4515,3.0128387321633485
4516,2.8304051859040533
4517,3.0007475057367454
4518,2.86620007630093
4519,3.1110966030267626
4520,2.739982105179537
4521,2.8929597397156157
4522,2.737449501337155
4523,2.487353629495982
4524,2.4948209924884255
4525,2.827866126462381
4526,2.9203766298538016
4527,2.9316721218336883
4528,2.9642409025660954
4529,2.739083759428701
4530,2.989535108914968
4531,2.941496857452151
4532,2.8513985630530576
4533,2.629512044758898
4534,2.911626791327798
4535,2.2642804329058106
4536,3.023616531513361
4537,2.8396479662545544
4538,2.7005125997980466
4539,2.4731932589627554
4540,2.5662126982782962
4541,2.9910921940900383
4542,1.8832033443166636
4543,2.862426870125507
4544,2.4721939848158714
4545,2.827242303257723
4546,2.629378812265217
4547,2.9031078254009186
4548,3.0342713113797375
4549,2.970664292397221
4550,2.89383756245559
4551,2.9350939014576363
4552,2.555335463565186
4553,2.7583321476760387
4554,2.5450976882294696
4555,2.4826819211118565
4556,2.712825590065367
4557,2.8293692345964874
4558,2.9059465146547954
4559,3.1824786841094386
4560,2.7709741872264817
4561,2.8814297063628653
4562,2.9952062660340917
4563,2.7708786670000234
4564,2.7807750150249135
4565,3.241515403928724
4566,2.8872103446824253
4567,2.82238260655972
4568,2.960088663322856
4569,2.77976359081769
4570,2.7685533905998154
4571,2.811926222674782
4572,2.6148619646220834
4573,2.293122117013002
4574,3.0570307198466544
4575,2.738465091167601
4576,2.939789103348504
4577,3.000378293749949
4578,3.0054821733296104
4579,3.129053174931633
4580,2.8523468279140856
4581,3.080681350079252
4582,2.5931550387914637
4583,2.8913510973005767
4584,2.7051835871487366
4585,3.0766110180159187
4586,2.622296878465513
4587,3.0264227884295023
4588,2.7058270373020896
4589,2.9037412979995247
4590,3.069088767765353
4591,2.5444819162534844
4592,2.8418739829310833
4593,2.5175097374278015
4594,2.6084552679263004
4595,2.7278052132711763
4596,2.901275995099118
4597,2.876132131337037
4598,2.8941007425329586
4599,2.888840281221927
4600,2.6303517546473625
4601,2.8091588712300646
4602,2.6482385867931217
4603,2.8676719487782036
4604,2.535235593376232
4605,2.533446476428217
4606,3.018830546985872
4607,2.6484138517510307
4608,2.5012206323039865
4609,2.934610388271458
4610,2.292794577708122
4611,2.717382981642758
4612,2.3133588921353563
4613,2.5254445708880615
4614,2.81830186490548
4615,2.74340099155675
4616,2.832798966301562
4617,2.5096396272669343
4618,3.00213619184553
4619,2.8859203869277383
4620,2.5552834395453905
4621,2.4442809569247794
4622,2.692223665339471
4623,3.0370160112316906
4624,3.0476221634446685
4625,2.7855406464264796
4626,3.023764687337707
4627,2.9233433040918175
4628,2.458817831131022
4629,2.911814788679141
4630,2.579327220130916
4631,2.610992979326988
4632,2.8604633589502044
4633,2.794717743181161
4634,2.952213523084326
4635,2.814232850757301
4636,3.073018165187188
4637,2.831050066044127
4638,2.812760982948182
4639,2.8667218590506747
4640,2.9733240256911437
4641,2.8179875512358277
4642,2.6197720703839833
4643,2.8151495776701414
4644,2.8604277737266335
4645,2.46292073528251
4646,2.9882339171949734
4647,2.9088258239013562
4648,2.7587880523009605
4649,3.0958190329552724
4650,2.4706819848252954
4651,2.3884389752822197
4652,2.975290795714855
4653,2.5989924597194967
4654,2.7635955574505107
4655,2.5816267785749134
4656,2.070107865057334
4657,2.844056869411517
4658,2.9060830083493383
4659,3.106578760047799
4660,3.0518840907730054
4661,2.9409352633467574
4662,2.857851867089849
4663,2.868074979719155
4664,2.7918436189192235
4665,2.9891130570200843
4666,2.6051068321070243
4667,2.639528214012261
4668,2.7097099870390524
4669,2.9683418261652146
4670,2.224503694943201
4671,2.7630051818483397
4672,3.0079347899835733
4673,2.7182152660243264
4674,2.5088822090891876
4675,3.0832242685480624
4676,2.634592145481003
4677,2.755150645024228
4678,2.8023700680150263
4679,2.859710515619505
4680,2.790435747017361
4681,2.9513021944019946
4682,2.9617919517429723
4683,2.8901503287331445
4684,2.9140090524313385
4685,2.8799511744752513
4686,2.051311061746287
4687,2.7142884289201548
4688,2.9014142767494024
4689,2.6910623341101507
4690,2.8185157345006084
4691,2.8831389662953057
4692,2.798162831003993
4693,2.915331283763894
4694,3.067188468862851
4695,2.960956778493173
4696,2.7831499496692436
4697,2.9211766401313026
4698,2.7711316694987493
4699,2.965078489190226
4700,2.934898479756389
4701,2.4930266717799845
4702,2.5606443286420646
4703,3.070547913468426
4704,2.9617520244412643
4705,3.0098829268041234
4706,3.077085055763394
4707,2.7220902068944057
4708,2.6814596328567544
4709,2.9293882154547095
4710,2.512066931372984
4711,2.872632539935885
4712,2.787957339644984
4713,2.8161542932436983
4714,2.9779237894247443
4715,2.7273897974958485
4716,2.864932634251082
4717,3.046156157350001
4718,2.819237283282993
4719,2.9291291131915873
4720,2.576004724724111
4721,3.022062230310907
4722,2.7887548637851913
4723,2.66407226221476
4724,2.637409584205487
4725,2.6014266491027627
4726,2.666834256365869
4727,3.077500451676
4728,2.8001384995023266
4729,2.6643566721190144
4730,2.768730014933851
4731,2.6946031915110256
4732,2.93773743678848
4733,2.8070905189453175
4734,2.5907767492124605
4735,2.6411656589477657
4736,2.7954368305587796
4737,2.645893377991732
4738,2.975689877321341
4739,2.7532988328179653
4740,2.7739627088716756
4741,2.980530395246613
4742,2.6465345289717654
4743,2.7626160219682427
4744,2.711713458928867
4745,2.495617354939173
4746,2.7560815752827876
4747,2.5574540508298456
4748,2.7521721510624975
4749,2.1840303646713304
4750,2.678604480443842
4751,2.987284420269799
4752,2.799689441071357
4753,2.819190125993589
4754,2.591067153997671
4755,2.6312069229137247
4756,2.8442706020897486
4757,2.7646903315939544
4758,2.4448914391613408
4759,3.071495583669334
4760,2.895892389986097
4761,2.7120735274209973
4762,2.9166041239236056
4763,2.5937211109159097
4764,2.542679760290887
4765,2.8474827775673277
4766,2.463176302031892
4767,2.754479847580243
4768,2.2421414598673444
4769,2.918256563267224
4770,2.9703837829974136
4771,2.581078737436181
4772,2.8090734819825336
4773,2.8483088746794674
4774,3.1218698572931953
4775,2.825681283921564
4776,3.1359896012040314
4777,2.960501497808412
4778,2.7683791965439295
4779,2.9157414718620136
4780,2.6008836008281597
4781,2.375316965324049
4782,3.1062133725171845
4783,2.4748485663472892
4784,2.6189859646284672
4785,2.7714562793379693
4786,2.824621548131581
4787,2.9408430957978062
4788,2.6021485076653805
4789,2.985346046090624
4790,2.818499482903275
4791,2.6950397630625353
4792,2.616899879989567
4793,2.6310327313474886
4794,2.7934281654244266
4795,3.0588827735025843
4796,2.444453135509806
4797,2.5922629704918485
4798,3.0047724980385486
4799,2.931315000346186
4800,2.8337947412156503
4801,2.74675832407675
4802,2.8851038721655846
4803,2.888206473719521
4804,2.9771105153694735
4805,2.8898611603183375
4806,2.8807870273853387
4807,2.7264282994986875
4808,2.736331441183398
4809,2.8037442106381083
4810,2.9274676408372615
4811,2.6203719153148515
4812,2.5236455145374004
4813,2.5016143771419737
4814,2.7090590710922675
4815,2.846438122564323
4816,2.1710926387832963
4817,2.3684646665612545
4818,2.9876982451218628
4819,3.0475076057049497
4820,2.8625638917316665
4821,3.0358136243534917
4822,2.776435673428396
4823,2.623113584542817
4824,2.5842959803910843
4825,2.5962527698934443
4826,2.592923585900473
4827,2.7335804228998186
4828,2.455134148673971
4829,3.126063784418424
4830,3.0817120207891002
4831,2.5562860924270785
4832,2.7852934109814065
4833,2.7391604594110115
4834,3.050941056723917
4835,2.851105962089903
4836,2.4264545981518495
4837,2.542019848342403
4838,2.472801488295694
4839,2.5107340862863086
4840,2.936651806466343
4841,2.6643433796408713
4842,2.2442857543391463
4843,3.0438018702592293
4844,2.866154349568545
4845,2.636421268723214
4846,2.617077550778217
4847,2.7064925488919913
4848,2.926558856530387
4849,2.527602018803181
4850,2.8293850505075553
4851,3.1002776384828765
4852,2.8948971383748807
4853,2.118936379290093
4854,2.8184066286426024
4855,2.475968323971203
4856,2.934735474591469
4857,2.7436119884134382
4858,2.766283810633417
4859,2.560021503215256
4860,2.780500843759297
4861,2.980638251162321
4862,2.9460045456972344
4863,2.9880836279584444
4864,2.716982169212849
4865,2.5350957896931896
4866,2.808720885512956
4867,2.8729522194489516
4868,2.6542585077756224
4869,2.9329924634481146
4870,2.965436654628377
4871,2.781402685920822
4872,2.8753652821921833
4873,3.037561588219973
4874,2.141344396988206
4875,2.8553897611289165
4876,2.72802255798665
4877,2.596462079536851
4878,2.390843489811152
4879,2.9995661536519647
4880,2.702234918563092
4881,2.565895850615766
4882,2.796498412703997
4883,2.649018174151607
4884,2.984640203905933
4885,3.1102543447006727
4886,2.9401438633298103
4887,2.458779112772201
4888,2.465464164599515
4889,2.5979586791875593
4890,2.682044580338914
4891,3.0159099071934805
4892,2.756961189010094
4893,2.353300385982475
4894,2.9012225393238613
4895,2.744272059349966
4896,2.975936672210997
4897,2.755725516806225
4898,2.8359560355011877
4899,2.69711431152367
4900,2.8794275384189154
4901,2.8989781331380478
4902,2.832028252786287
4903,2.670169625852947
4904,2.6274012231002564
4905,3.130723514702688
4906,3.080443094063086
4907,2.7421179835551586
4908,3.0013564652000646
4909,2.773781985008438
4910,3.105011895550116
4911,2.9656908082588025
4912,2.6574714086757285
4913,2.561464351018101
4914,2.980493703850922
4915,2.9628745510010024
4916,2.7496086439265954
4917,2.8287497219658198
4918,3.1685929659988323
4919,2.8696725896219357
4920,2.6951195717037066
4921,3.1098015177651983
4922,3.0023611690578034
4923,2.841738841501669
4924,2.998327765639561
4925,2.8774273753766604
4926,2.9584085850092
4927,2.897559354950201
4928,2.300903718776077
4929,2.9112077923849142
4930,2.9454016517690302
4931,2.854161720111089
4932,2.807933494820794
4933,2.8443662047631717
4934,2.731910615823094
4935,2.568950808396532
4936,3.1115451842962893
4937,2.4832861804864113
4938,2.717449002008544
4939,2.97901774964667
4940,2.8965675047661326
4941,2.728558845513196
4942,3.067006995655764
4943,2.948876273474552
4944,2.8949760433851246
4945,2.4936308146739194
4946,2.508708866409541
4947,2.9518441303279044
4948,2.898555693634326
4949,3.1293238700355532
4950,3.099185709566589
4951,2.86716585621549
4952,2.765326032723811
4953,2.6781879479739277
4954,2.874258926693836
4955,2.7674600718132525
4956,2.789934136622265
4957,2.843343340004447
4958,2.858093268330566
4959,2.730842441092214
4960,2.5926762165036603
4961,2.7100928587418993
4962,3.035365937730828
4963,2.7590631644433463
4964,2.7215126684923034
4965,2.9383954164201964
4966,2.371577073453866
4967,2.9204247972438595
4968,2.8541661955416595
4969,2.636169569826706
4970,2.796809408300957
4971,2.890415778462834
4972,2.9826452745288883
4973,2.3266358343176106
4974,3.027106435130622
4975,3.0030551837046704
4976,2.804216750920633
4977,2.967631999635909
4978,2.8220700404452255
4979,3.0605172931837084
4980,2.6948348108847786
4981,2.674882592809363
4982,2.7547600743266907
4983,2.9406050932744523
4984,2.772623019825522
4985,2.829310567066716
4986,3.1204851183817564
4987,2.7840931226964885
4988,1.6107633096947622
4989,2.830128459366584
4990,2.797615107721845
4991,2.987281474066206
4992,2.6476852008805496
4993,3.01665961719254
4994,2.4386790656481767
4995,3.0709519068138103
4996,2.7531032149426933
4997,2.4283926051990594
4998,2.9524716975150502
4999,3.079396459296068
5000,2.995135843884022
5001,2.840097608352531
5002,3.0002192620807677
5003,2.9238801315046703
5004,3.071948907470261
5005,3.0687125744832673
5006,2.6040917030713424
5007,2.3732850816867828
5008,3.0200799635148217
5009,2.781343359905507
5010,2.763100644623763
5011,2.782534696263613
5012,2.8575616137484423
5013,2.640145544827355
5014,3.0227518952832275
5015,2.090579423165246
5016,2.806577484388528
5017,2.888147999708572
5018,2.8636108362165738
5019,2.651558739281667
5020,2.760279074827927
5021,2.708033436998707
5022,2.7649515282922446
5023,2.6427349998521885
5024,3.0712667172280512
5025,2.6082241401281228
5026,2.861779086427769
5027,2.8509563769331496
5028,2.6852274150810054
5029,3.142332742667914
5030,2.6231628467865233
5031,2.324781995021157
5032,2.5912970154495625
5033,2.683100206945247
5034,2.54969039976045
5035,2.5314626541511243
5036,3.09065618417837
5037,2.5616588754485705
5038,2.33289745069084
5039,2.7443977250081355
5040,3.0532171904958476
5041,3.1032467984185614
5042,2.9037924405025874
5043,2.3545210861886323
5044,2.8499623829774636
5045,2.883871814946366
5046,2.5595158496111385
5047,3.033346725620774
5048,2.6099185623329006
5049,2.6566561888629163
5050,3.103901210726243
5051,3.014011076591406
5052,2.9956668464041267
5053,2.904532410555894
5054,2.8982182058355774
5055,2.9642758410500556
5056,2.88451986010486
5057,2.607838676106597
5058,2.8941460769394283
5059,3.0131699553290945
5060,2.6751198853283977
5061,2.820174668098835
5062,2.663468574923333
5063,2.5779217079570667
5064,3.093132673407757
5065,2.911668064388936
5066,2.887724881311076
5067,2.9702874529702328
5068,2.86391268960172
5069,2.839603741560239
5070,3.205090137687017
5071,2.756010316204697
5072,2.6903045655537134
5073,2.8755328908448075
5074,3.127808725046582
5075,2.7634528201486255
5076,2.9880013579653326
5077,2.6859243329894067
5078,2.784209213815524
5079,1.97350948068728
5080,3.084075459819047
5081,2.965627589879411
5082,2.760335692795798
5083,2.7658612069534123
5084,3.211685365142825
5085,2.807701274141828
5086,2.841863253004122
5087,2.5785735874824556
5088,2.7900260664993666
5089,2.825711771808293
5090,2.710501041587135
5091,2.6862750573705307
5092,2.954979258626639
5093,2.952096642199353
5094,3.0141108389757845
5095,2.841519106649989
5096,2.9682345961062526
5097,2.7552215803952635
5098,2.728678615179075
5099,2.76999423535871
5100,2.997658449230175
5101,2.7807799757867357
5102,2.8149904533339676
5103,2.509954847455388
5104,3.021822224963213
5105,2.8362760425410425
5106,2.5458396100873855
5107,2.9298559560589634
5108,2.8399394429784133
5109,2.8626193843703396
5110,2.683190287977302
5111,2.833542309822517
5112,2.924605390045163
5113,2.6198119909176034
5114,3.060459196568698
5115,3.03215862257114
5116,2.826726300822282
5117,2.6885587699243474
5118,2.683995394340214
5119,2.8099262980254545
5120,3.175487867553504
5121,2.808369148732184
5122,2.6525279139316544
5123,2.7718212700526745
5124,2.9463646475236605
5125,2.456222777516986
5126,2.6609390668462245
5127,3.03751304428462
5128,3.0289585784330093
5129,2.7732675023590563
5130,2.8251485940447836
5131,2.8746207608295897
5132,2.39680624548763
5133,2.0642665348249087
5134,2.921798388394441
5135,2.921217709584923
5136,2.6665916096053337
5137,2.1252458324098495
5138,2.903770881317712
5139,2.850661506231738
5140,2.9762525698072384
5141,2.906616375026376
5142,3.1401232361436793
5143,2.41653530226431
5144,2.905380519907077
5145,2.9398718256406076
5146,2.9856421708314436
5147,2.6676542517014235
5148,2.9025109611980144
5149,2.8158265025994127
5150,2.8715579197949324
5151,3.1070435835473678
5152,2.8459660173165497
5153,2.567761953946283
5154,2.6145451932148047
5155,2.6665462556561086
5156,2.9053052536109076
5157,2.8518782871772883
5158,2.661160829290027
5159,2.6911730537607315
5160,2.1164362763204436
5161,2.8713921165645555
5162,2.6053026870319886
5163,2.7942265998789004
5164,2.9511340492713907
5165,2.8946236999569006
5166,2.8650145312776765
5167,2.668500579294376
5168,2.8783629379571893
5169,2.670645311996128
5170,2.9812050417151545
5171,2.48115683051329
5172,3.044419261884817
5173,2.2916010503505584
5174,2.970510831696119
5175,3.0440654405779557
5176,2.977769098673287
5177,2.5647594715812505
5178,2.823101303272563
5179,2.7218618862916633
5180,2.5780838804115596
5181,2.8333762061440537
5182,2.9422102652951203
5183,2.960584636063667
5184,2.6509502027285294
5185,2.8218363585930724
5186,2.730473087811197
5187,2.638572892605887
5188,2.506761486021527
5189,3.183663999248599
5190,2.7437384881877236
5191,2.978575648164269
5192,3.017116231313779
5193,2.954263547821713
5194,2.85385537555121
5195,2.6761485826330826
5196,2.9386542753597786
5197,2.9442506945595643
5198,2.970617038448281
5199,2.862081745083056
5200,2.470472174564728
5201,2.4767378258981445
5202,2.9463525611775325
5203,2.5478876405249333
5204,3.1232679051299064
5205,2.9910539336118074
5206,3.0896378225759324
5207,3.011774197020111
5208,2.7923345417334433
5209,2.942369077705963
5210,2.8724005103324477
5211,2.7840561883019275
5212,2.8787825509981686
5213,2.405640029048441
5214,2.378726056082908
5215,2.8820962947501028
5216,2.6237713669140716
5217,2.8984748474774933
5218,2.680286568735333
5219,3.1623648271017832
5220,2.709467464182043
5221,2.925028094553064
5222,3.1125011974635823
5223,2.9714305095855837
5224,2.6545829194874186
5225,2.976518091243426
5226,2.786621914161609
5227,2.742007182068758
5228,2.96409784150327
5229,2.58424111905219
5230,2.764794146678581
5231,2.888314843329608
5232,2.6335960915216425
5233,2.819832534441478
5234,2.9486133898345335
5235,2.885402859257626
5236,2.9139732866625305
5237,2.6469121207747035
5238,2.7443017732661854
5239,2.595831231487186
5240,2.989456445245859
5241,2.9001862264500597
5242,2.507668524917304
5243,2.7601747302467263
5244,2.7073346914013308
5245,2.628014752411311
5246,2.8739433129774117
5247,2.7204123180328965
5248,2.6318665233278136
5249,2.818697607133572
5250,2.655315764167734
5251,2.806629118352731
5252,2.8840753898237543
5253,2.8317492107004467
5254,2.986979861075211
5255,2.6758015805411945
5256,2.4645581047677885
5257,2.6766706427144182
5258,2.8425400032890225
5259,2.9017569513470227
5260,2.799929802164866
5261,2.8581603253520855
5262,3.1714567043962716
5263,2.8849279714111526
5264,2.5978924868833646
5265,2.8229749364648606
5266,3.0698681465147
5267,3.1025391286657387
5268,2.5988763911364647
5269,3.088382832294035
5270,2.576623187742933
5271,2.862171474888392
5272,3.0559614151958368
5273,2.9364946037134354
5274,3.064018729403078
5275,2.8459223779858376
5276,2.9451756691981217
5277,2.612755456866627
5278,2.892932536435525
5279,2.5843864802672387
5280,3.0554456051346266
5281,2.7395618072346744
5282,2.952088259878396
5283,2.3738414300666313
5284,2.653594970002063
5285,2.553336798710659
5286,3.0607802079450366
5287,3.119256001481552
5288,2.8608520288057018
5289,2.851833698423655
5290,2.54635300740021
5291,2.5385657877362138
5292,2.9938426888749112
5293,2.1667598337640004
5294,2.4642400338741433
5295,2.9199443361538187
5296,3.012372284436897
5297,3.0135416084917344
5298,2.7392558672691774
5299,2.6096649290098837
5300,2.472084766234509
5301,2.748104230835477
5302,3.0346569659648077
5303,2.901116184653609
5304,2.4764027246579507
5305,2.8261018232716237
5306,2.7554096734231184
5307,2.6350154530590864
5308,2.579127006328569
5309,2.4378356919540614
5310,3.1758865733454837
5311,2.870948192442947
5312,2.6962397878729285
5313,2.7086420023628257
5314,2.605123101505313
5315,2.9969931050636256
5316,3.129851215864889
5317,3.0458269425268205
5318,2.8571635881860358
5319,2.7020900970583948
5320,2.7377007286200743
5321,2.546749095919979
5322,2.724633144293152
5323,2.8324077546532993
5324,2.701715223516758
5325,2.575121341428244
5326,2.541564112132154
5327,2.798824286724072
5328,3.007904544176913
5329,2.5106912161259483
5330,3.126312285013981
5331,2.6771431030219492
5332,2.6962890919501765
5333,2.707052707175204
5334,2.818989847419412
5335,2.7208799102190597
5336,1.8790491074118076
5337,2.4186343598449644
5338,2.760785049375345
5339,2.812561890747123
5340,2.8143426137346292
5341,2.7443904914132093
5342,2.805596746235818
5343,2.7016757762764883
5344,2.6985613743275785
5345,2.353548865113275
5346,2.8071519000597602
5347,2.8151953666769125
5348,2.5637907377348887
5349,2.737880843844946
5350,3.0132067644752247
5351,2.504223300059184
5352,3.0711912884008528
5353,2.588615877441181
5354,2.9143957097053925
5355,2.3580203398822377
5356,2.573406464039415
5357,2.877220385089595
5358,2.291922669121203
5359,2.4523082075940317
5360,3.0273458739381294
5361,2.4378555491786953
5362,2.663571396314452
5363,2.8491919712655527
5364,3.0323934379695956
5365,2.5289168531043424
5366,2.9612275377645303
5367,2.8125252820453692
5368,3.0157198858692045
5369,2.4087537852581384
5370,2.6080994320321693
5371,2.6187657114075327
5372,3.0046880816629824
5373,2.727146367023704
5374,2.989310704424754
5375,2.869820491595484
5376,2.816024753079152
5377,3.063837697620955
5378,2.8357185142121186
5379,2.7445302014810995
5380,2.628140017623795
5381,2.5875171415887213
5382,2.9789008028058976
5383,2.1789941629426823
5384,2.7138967776262177
5385,2.653418596237699
5386,2.8532005425686036
5387,2.7949744789516955
5388,2.6657847880000256
5389,2.8833812549769138
5390,2.9348944201861484
5391,2.868538513252619
5392,2.3062143726620623
5393,2.7490522004438334
5394,2.5935215071450077
5395,2.8320706858291476
5396,2.599679938384132
5397,3.033972390900998
5398,2.8259645424594013
5399,2.5928317504557006
5400,2.7937909364686004
5401,2.825067372504386
5402,2.9162702269376197
5403,3.153597718535452
5404,2.812981943255363
5405,2.9105770318388724
5406,2.7300723895557493
5407,2.7486263587970097
5408,2.523238637012127
5409,3.1185634921845944
5410,2.9603059798113365
5411,2.975789754947628
5412,2.6254224629742366
5413,2.9549304475012885
5414,2.8544587419474095
5415,2.9578505409565805
5416,3.0821784682671125
5417,2.6532354349081433
5418,2.664111287167372
5419,2.4609615337219304
5420,2.77671326320478
5421,3.0367808831479737
5422,2.877473695042551
5423,2.9223689218866684
5424,2.9517273424727075
5425,2.776260641103277
5426,2.7878464336080233
5427,3.131939073696796
5428,2.689297106849574
5429,2.8304646275120278
5430,2.526332563595587
5431,2.7859039238829877
5432,3.061468570834635
5433,2.77425282523272
5434,2.703293606535074
5435,2.974488017984453
5436,2.8242489039052363
5437,2.8893851254595906
5438,3.066018564229875
5439,2.894906421238654
5440,2.8468608693634794
5441,2.5785874361001118
5442,3.0336289210610707
5443,2.9920324196914208
5444,2.8556420176634933
5445,2.809794350237491
5446,2.706670658873706
5447,3.0340666890893964
5448,2.9541608196353923
5449,3.024194086693231
5450,2.7626543480697334
5451,2.6310433606789805
5452,2.6460836578714315
5453,2.67685789991862
5454,3.001480505408959
5455,2.9426872695693453
5456,2.744723611469621
5457,3.010495151354568
5458,3.1543086406509104
5459,2.699197259583438
5460,2.788546048330902
5461,2.7702149809457897
5462,2.872020999473489
5463,2.8221999234944186
5464,3.0506568584486917
5465,2.5522959459532104
5466,2.641864711297888
5467,3.098541956449926
5468,2.869712135626456
5469,2.659569592352463
5470,2.4988584245411807
5471,2.8478416493663863
5472,2.8039341155767725
5473,2.836936318857705
5474,2.9553233760307656
5475,2.7828229097825727
5476,3.048420557929641
5477,2.884054692126317
5478,2.595819338334283
5479,2.7025271045677783
5480,2.883613213450935
5481,2.8040542736433367
5482,2.6516412938543588
5483,2.9415295570082023
5484,2.689128835971083
5485,2.301519263178196
5486,2.517369637580615
5487,2.698472741158204
5488,3.187437963941997
5489,3.061786385459889
5490,2.5913253797518045
5491,2.8101021261207904
5492,2.99592865799424
5493,3.0064684060438105
5494,2.797261598641934
5495,2.8769651042943165
5496,2.726111322617271
5497,2.600927985606987
5498,2.632341591120066
5499,3.0883198212718743
5500,2.902461197195007
5501,3.1336990426924856
5502,2.8223997977108133
5503,2.785889104910644
5504,2.444037840300037
5505,2.7470896225231325
5506,2.5555986897918364
5507,2.7091814129752816
5508,2.959129929096947
5509,2.931782560410831
5510,2.978674981951394
5511,3.05628094596244
5512,2.723480246504476
5513,2.5185610047948908
5514,2.7892116244879093
5515,2.844305771774762
5516,2.832082876894156
5517,3.0050607299507797
5518,2.911923483149955
5519,2.274332726879499
5520,2.8217775087930357
5521,2.887325157174213
5522,2.263675124542468
5523,3.0166574814415106
5524,2.726403853307958
5525,2.7313890056305437
5526,3.160887568252384
5527,3.1439839004278802
5528,2.8422232575646764
5529,2.988197711943879
5530,2.6174026868984455
5531,2.9145654888434773
5532,2.920553909009636
5533,2.363283674039418
5534,2.9333905191148535
5535,2.7156209367908932
5536,2.7468995540414123
5537,2.6955119798053646
5538,3.076211949934471
5539,2.9306888081635862
5540,2.702636001799591
5541,2.686304512090336
5542,2.6993471577483827
5543,3.151403550637288
5544,2.8443390548373917
5545,2.999324616059892
5546,2.7858404456103316
5547,2.5991222026662872
5548,2.778575214512035
5549,2.6536698895234867
5550,2.6964725084812664
5551,2.829897009700485
5552,3.1201246174163915
5553,2.560109355957439
5554,2.899234499992495
5555,2.935893248184415
5556,2.74232041216943
5557,2.9399458667416116
5558,2.726613996482277
5559,1.923394778906744
5560,2.998746543227595
5561,2.6754939403223577
5562,2.501280003229192
5563,2.6513163227714047
5564,2.8571711133477833
5565,2.6817893283800713
5566,2.7180820793936844
5567,2.6690058017534435
5568,2.7408625253472136
5569,2.89881896056229
5570,2.7773561148739847
5571,2.9315503125158884
5572,2.8691304322788755
5573,2.368357963973624
5574,3.109700553495424
5575,3.1139370151445624
5576,2.5155353583459426
5577,2.568910392607438
5578,2.908453689980487
5579,3.141456759727384
5580,2.6799635901450465
5581,2.4853980641886304
5582,2.7635549959459866
5583,2.787827884425989
5584,2.887944673420037
5585,2.450152063274421
5586,2.586351551061776
5587,2.7018682334632347
5588,2.8658203203914656
5589,2.9939022211206696
5590,2.3134628589096704
5591,2.743884474565937
5592,3.0731021713706004
5593,2.713438768753723
5594,2.4005573555929405
5595,2.489107937757797
5596,2.5810746627769
5597,3.053869171536914
5598,2.9056108404539014
5599,2.911792291189505
5600,2.944948212887378
5601,3.134161554767169
5602,2.7455887833459522
5603,3.067461981396733
5604,3.117714977491057
5605,2.9043438409449083
5606,2.8970111226312123
5607,2.7575187179915295
5608,2.9401544680801814
5609,2.6601764781929464
5610,2.3403710006339273
5611,2.725315323496638
5612,3.007309560778498
5613,2.5442738717086435
5614,2.617697497204154
5615,2.464444525874714
5616,2.492471915322237
5617,2.635103759412579
5618,2.906944749479224
5619,2.8453104725206
5620,2.3976161555588544
5621,2.840910719415934
5622,2.4936600424184516
5623,2.9154856684404153
5624,2.8906304664071274
5625,2.6689087371861087
5626,2.7850070719271196
5627,2.79201927946748
5628,2.735114137665565
5629,2.976309516514814
5630,2.2451679318871522
5631,2.8909868505262373
5632,2.7173064897348587
5633,2.704679153945298
5634,2.6761309882399793
5635,2.3957809170126816
5636,2.5095658779843015
5637,2.9357925964478433
5638,2.76725319373812
5639,2.7144721747871894
5640,3.0294165719352533
5641,2.7188004475525838
5642,2.4263799219450983
5643,2.8455805382670407
5644,2.7839639653142245
5645,2.9769339188337045
5646,2.7593891383133653
5647,2.6565250824240887
5648,2.9213270292540305
5649,2.9550635822281355
5650,3.1437901439786065
5651,3.038678222602181
5652,2.714571195208972
5653,2.3052107845579135
5654,3.067221926625312
5655,2.7481055632577958
5656,2.7737808193261957
5657,2.8037059804394024
5658,2.6862116894623194
5659,2.754156249275001
5660,2.8924927698294205
5661,2.8434675697718426
5662,2.899351898601999
5663,2.9601158516166306
5664,3.0010346270260397
5665,2.867314787002525
5666,2.900112195904956
5667,3.0163249964851415
5668,2.5002686739128155
5669,2.7461542319165817
5670,2.823569596236788
5671,3.0190524009543873
5672,2.764324286474968
5673,3.104846504664824
5674,2.9960059683148783
5675,2.983899549630871
5676,2.528696073028758
5677,2.658079391355412
5678,2.7861743840217943
5679,2.6716892442297575
5680,3.106543270797367
5681,2.84807335763759
5682,2.8257914798708916
5683,2.903052674261372
5684,2.5101136078501542
5685,3.012483083181087
5686,2.6053850924073845
5687,2.883611208635199
5688,2.7611273877228233
5689,2.7229636410190765
5690,2.3960970641410277
5691,2.663796755007433
5692,2.511958822647333
5693,2.7722424847496803
5694,2.80841762689102
5695,2.4492735811207433
5696,3.0716161031698554
5697,2.676110423280141
5698,2.878394816270226
5699,2.974815274409068
5700,2.4947655778815894
5701,2.836179066140331
5702,2.8512808789379553
5703,2.8272525887876214
5704,2.5152725349398026
5705,2.911370282829807
5706,2.887808450565023
5707,2.2441822079280342
5708,2.915499588709578
5709,3.0962782769988166
5710,3.034181095123094
5711,2.7781822954653372
5712,2.587076805853134
5713,2.891809743606201
5714,2.610317096885392
5715,2.965540115684077
5716,2.84451287295983
5717,2.6181067376362495
5718,3.0675654879283183
5719,2.2744386180761564
5720,2.9397095677515543
5721,2.7767536650609403
5722,2.6846758489829066
5723,2.8400623482651453
5724,2.505815609374422
5725,2.9172482546512346
5726,2.893908349585982
5727,2.739494674484085
5728,2.7716175989162672
5729,2.892906884814916
5730,2.135005331789418
5731,2.947840303852841
5732,2.94057504506488
5733,2.9343458799163056
5734,3.103425182374568
5735,2.7367252697102873
5736,2.5988900037360967
5737,2.3741148781468855
5738,2.8204917876368105
5739,2.961568172197767
5740,3.0649676396773726
5741,2.979812249560955
5742,3.028355274333841
5743,2.4752289447819713
5744,2.844123943851611
5745,2.7145697828685806
5746,2.8292947603978513
5747,2.9068833827681413
5748,3.0164774046639735
5749,2.9518984210819887
5750,2.5969120415408207
5751,2.8779212166230783
5752,2.899699732139493
5753,2.6013762460579977
5754,2.7195903806572663
5755,2.8377988177536264
5756,2.8097186787539346
5757,2.742254295779756
5758,2.7083480628704453
5759,2.901435668118014
5760,3.0439370490398865
5761,2.8864593878239413
5762,2.579772277961362
5763,2.628581281376922
5764,2.666610434411667
5765,2.662707822352003
5766,2.853468441835094
5767,3.0275796872998133
5768,3.0280739310131173
5769,2.942133381038791
5770,2.902334307251286
5771,2.8081754221172313
5772,2.839699285831578
5773,2.7253596009447443
5774,2.903395432559668
5775,2.8111166199568465
5776,2.5509414332876434
5777,2.9992226448544685
5778,2.6221443749566467
5779,3.133340656519229
5780,2.8487362826136806
5781,2.954763113763927
5782,2.4714764880946922
5783,2.9163200753976635
5784,2.8085106581855
5785,3.035702227781693
5786,2.6263245508245454
5787,2.641985598878031
5788,2.496164755782099
5789,2.841951250491813
5790,2.8995421228050633
5791,2.7116620189122904
5792,2.5509217211621125
5793,2.9834211392297565
5794,2.8063925965854817
5795,2.8965010685445627
5796,3.1417515008635126
5797,2.8313808296682237
5798,2.5938807095387837
5799,2.278663629196274
5800,2.8387211300837123
5801,2.7765053287289616
5802,2.761995468826961
5803,2.7812301331657556
5804,2.807598627358149
5805,2.5915901125775647
5806,2.9014975283098483
5807,3.113954487340686
5808,2.7016071901882284
5809,2.7972103069756677
5810,3.109744840461057
5811,2.9314954320805064
5812,2.6141738351069783
5813,3.0344029606071965
5814,2.6810554741396286
5815,2.669549606991274
5816,2.60819106376829
5817,2.86493428126298
5818,2.6832439439905835
5819,2.5579601977229394
5820,2.944197940956756
5821,2.733022774972771
5822,2.7574913931615326
5823,2.412359224766665
5824,2.734308786712769
5825,2.984083300042074
5826,3.028866456689791
5827,2.8998499978145786
5828,3.027830460610884
5829,2.7931015493301836
5830,2.5463976413645315
5831,3.137616889421779
5832,2.7846262931137047
5833,2.951561033980292
5834,2.642275304961472
5835,3.068724583706257
5836,2.8626143303991762
5837,3.039296954383097
5838,2.7929026196934537
5839,2.9913044209915416
5840,2.5845819893498727
5841,2.946755870111131
5842,2.3261038757971253
5843,2.3525704799336338
5844,2.695694323558177
5845,2.6041007135861047
5846,2.3935906831533402
5847,2.78654189962385
5848,2.7259676622525193
5849,2.5585682873111235
5850,2.968030856070621
5851,2.606062036492111
5852,3.0914649278288966
5853,2.2731060814288426
5854,3.025119401486741
5855,2.8784836421573985
5856,2.8888725889405915
5857,2.673708133829425
5858,2.9543477283446653
5859,2.9565235811430264
5860,2.620452201051129
5861,2.5628982219417837
5862,3.0557490634856697
5863,2.817242415274024
5864,2.814987433392428
5865,2.463454610661323
5866,2.9128201565304406
5867,2.589407555328559
5868,2.52630461774418
5869,2.6970437980222832
5870,2.9211002216842026
5871,2.7478445518540835
5872,2.663239373073148
5873,2.8695160878765447
5874,3.080421966222658
5875,2.3822026049062752
5876,2.977752095620152
5877,2.585113138588439
5878,2.95121265324896
5879,2.798083213261379
5880,3.0837146418504093
5881,2.9241042543151634
5882,2.76935518499154
5883,2.8687677135884795
5884,3.0758218284744903
5885,2.582785255874224
5886,2.8818720102205946
5887,2.6782687049455447
5888,2.7020639125384736
5889,2.48420196945017
5890,2.977259929962607
5891,2.865859792588893
5892,2.941450875153321
5893,3.0500460563279685
5894,2.8492702833985546
5895,2.613120237329716
5896,2.677121956638586
5897,2.152356351370124
5898,2.9353252297528027
5899,2.998339263957184
5900,2.7133943685914734
5901,2.781081882631237
5902,2.843279693106596
5903,2.755116465212205
5904,2.6614509756368827
5905,2.5706739726088395
5906,2.900168489045668
5907,2.7161273850080185
5908,2.8589709033993294
5909,3.034548435271484
5910,2.748988522007464
5911,3.036537821572052
5912,2.342686888162438
5913,2.817229063069306
5914,3.0149743002004805
5915,2.8921231917020056
5916,2.7400620627124304
5917,2.989379147880579
5918,3.063763825881428
5919,2.6229417828408317
5920,2.964048323637991
5921,2.9988332355474565
5922,2.5121923732195612
5923,2.792414575566332
5924,2.87720835926385
5925,3.075675365527008
5926,2.601924482756396
5927,2.97549004044399
5928,2.6178733189755796
5929,2.78829085161016
5930,2.638097615805311
5931,2.594434862102464
5932,2.386076956304278
5933,2.8590078761387705
5934,2.822916646819036
5935,2.9395732454801347
5936,2.8524191129748266
5937,3.1108386561211607
5938,2.8880330208282747
5939,2.794954740499362
5940,2.593636960637211
5941,2.7269165005999167
5942,3.028580567784495
5943,2.7175009629594284
5944,2.6337713740215016
5945,2.1436739121755846
5946,2.963111624527483
5947,2.635630337972754
5948,2.7497039640149032
5949,2.3971122537437024
5950,2.638108638819746
5951,2.576978895568252
5952,2.1508669869036785
5953,3.0877571919193065
5954,2.838953478871428
5955,2.855168046093844
5956,2.541634815242655
5957,2.5407672998030835
5958,2.8638714364589672
5959,2.6419645049664062
5960,2.4316492912533625
5961,2.6127438461279087
5962,2.821937059772468
5963,2.976130390053548
5964,2.863329320889213
5965,2.9781693001312535
5966,3.0495591080161524
5967,2.452371099660167
5968,3.1008871567719916
5969,2.9567554547640533
5970,2.583612409886725
5971,2.9268598820398397
5972,2.6732106578942276
5973,2.8257252555027117
5974,2.9889135194670877
5975,2.9108952181569543
5976,2.5825384767204107
5977,2.780627013517544
5978,2.784851016822793
5979,3.003993242650101
5980,2.9883634799017145
5981,2.3237383001422662
5982,2.7234022828691944
5983,2.744059768605889
5984,2.7995366805180386
5985,2.7488004914636623
5986,2.3491617411989103
5987,3.0202724674110355
5988,2.810936064899666
5989,2.771661719037441
5990,2.494963279292162
5991,2.8915323702808045
5992,2.894074556933126
5993,3.0415098870470274
5994,2.7008175166329558
5995,2.7441260302127857
5996,2.9814949687933736
5997,2.3696043891131593
5998,2.7108163665183453
5999,2.7353452014314783
6000,3.0088548066857976
6001,2.9643673088451723
6002,2.5781322177947272
6003,2.444920430188293
6004,2.5230721386382284
6005,2.8852982086061876
6006,2.881316920462812
6007,2.782647320724757
6008,2.8653331562429334
6009,2.678529056327733
6010,2.9194828755978355
6011,2.710059369998203
6012,2.9945013801335265
6013,2.4913821430496244
6014,2.711701870674331
6015,2.97934680267037
6016,2.5514805994912155
6017,3.181692485219137
6018,2.7354197180968707
6019,2.787677575850971
6020,2.673417914348569
6021,2.8114113152589204
6022,2.417572328379992
6023,2.977713727642113
6024,3.0531698455673144
6025,2.3634724762403914
6026,2.806832794733337
6027,2.908408405550536
6028,2.981762049358866
6029,2.918564251263607
6030,2.6800554835423935
6031,3.0236831989352337
6032,2.8008595392922055
6033,2.9939466845878546
6034,2.7281501914935298
6035,2.8303690519875904
6036,2.603347277843211
6037,3.0292649927519637
6038,2.8261291875117096
6039,2.755802154695469
6040,2.491536567805817
6041,2.531259637692144
6042,2.912659803515365
6043,2.8794314239512016
6044,2.8868115029221855
6045,2.832181935824105
6046,2.74545159238884
6047,2.4957921700022827
6048,2.936915726070923
6049,3.027868650039795
6050,2.6490532949653556
6051,2.4862814270999714
6052,3.1051857664475766
6053,3.1267075153167956
6054,3.152582872169358
6055,2.6774714284579915
6056,2.743978528047686
6057,2.984587946960319
6058,2.6469548281242505
6059,2.6065157627877613
6060,2.9163969822379197
6061,2.9085853712523457
6062,2.9915755096681385
6063,2.5193059492644343
6064,2.8957054828451025
6065,2.9204814656454525
6066,2.6870474414970915
6067,2.936252095329827
6068,2.96585211402952
6069,2.9692346476102527
6070,2.45018092477006
6071,2.8427611539995623
6072,2.5695173759849346
6073,2.5085404062046397
6074,2.755923509559475
6075,3.031339551423052
6076,2.6736504667043697
6077,2.6997657204011127
6078,2.812357389323384
6079,3.1193145504061217
6080,2.924636248766336
6081,2.874875631445858
6082,2.739910542379818
6083,3.021064957302471
6084,3.1215828802396373
6085,2.74031669572947
6086,2.829137764212321
6087,2.709589170356986
6088,2.464260090894073
6089,2.8600448086297745
6090,2.45958636505928
6091,2.994579826746059
6092,2.710766942727337
6093,2.727633593689604
6094,2.7530699999114816
6095,2.791295603717498
6096,2.973266122297777
6097,2.36456630756842
6098,2.73729039206805
6099,2.907653204296542
6100,3.1048712445980033
6101,2.957222283089608
6102,2.821249734308669
6103,2.849120684713799
6104,2.7718334253082104
6105,2.6711194188740417
6106,2.4629951769978318
6107,2.6098166979334323
6108,2.5467003066745715
6109,3.2138347822953097
6110,3.087364739833763
6111,2.694864776585455
6112,2.793443138153976
6113,2.894276697035648
6114,2.8075959866292712
6115,2.709137350796059
6116,2.9282254631373594
6117,3.093042738740801
6118,2.7150638978597152
6119,2.9520870807222632
6120,3.0525535532377406
6121,2.9170370427580874
6122,2.660884838474867
6123,2.8365882527808415
6124,2.737882776475034
6125,2.616196485616561
6126,2.748173526309774
6127,2.463939435585262
6128,2.9974026788067016
6129,2.690408283040811
6130,3.1704395310113958
6131,2.584558615488346
6132,2.5669396003812865
6133,2.9206886089978514
6134,2.6411086041605234
6135,2.60684176336003
6136,2.6555811258735122
6137,3.0445952993085132
6138,2.985165482381966
6139,2.844984688353567
6140,2.886916622409171
6141,2.916341671596293
6142,2.840093854935698
6143,2.475465090120447
6144,2.505545909412089
6145,2.8565489269878093
6146,2.544051952799371
6147,3.055162775201197
6148,2.701362298207617
6149,2.9977521628109036
6150,2.5342035317484712
6151,2.5702596012664065
6152,2.912833876138954
6153,2.8957915917618178
6154,2.9298629447615085
6155,2.606698433260388
6156,2.945089602907737
6157,2.7305183308717758
6158,2.820346237247589
6159,2.8962396215854946
6160,2.6565436998260568
6161,2.796006469465327
6162,2.8610509860805786
6163,2.878579865155764
6164,2.9081008456990114
6165,2.6765665281009636
6166,2.8062940542757535
6167,2.764158989151786
6168,2.683532246171505
6169,3.0605689755738337
6170,3.0414546998185417
6171,2.453561505534519
6172,2.8313071913995356
6173,2.3413756376082073
6174,2.9845728440415114
6175,2.401636233948283
6176,2.6775839223011264
6177,2.1779650022342225
6178,3.060009881426832
6179,3.021264337321516
6180,2.4618340804469367
6181,2.875991954236206
6182,3.0778287092975214
6183,2.655613388928574
6184,2.742280332021651
6185,2.939231189611631
6186,2.9369373352088237
6187,3.0209123920313545
6188,2.3637357432190944
6189,2.747442580579969
6190,2.8176531150714985
6191,2.5315486403822947
6192,2.842190048983287
6193,2.2215930022524004
6194,2.877888242060431
6195,2.670094894442727
6196,2.4313735338306532
6197,2.590384322058435
6198,2.7341849411934924
6199,2.5338715746338156
6200,2.9969839764419186
6201,2.3667083979435093
6202,2.790852298941582
6203,2.7392881370063527
6204,2.812917606722297
6205,2.9102986509076834
6206,2.885284889952745
6207,3.0215639180292655
6208,2.5878331317482988
6209,2.6543883775011214
6210,2.947218509359008
6211,2.783448387855604
6212,3.0473208203783835
6213,2.8341979010641394
6214,2.780725256000859
6215,2.8956397130097544
6216,2.7628131543663663
6217,2.866025477657205
6218,3.034428608126319
6219,2.9248946393686692
6220,2.6854054132646117
6221,2.553132903565892
6222,2.830838017816446
6223,2.789434612674557
6224,2.7885123710947703
6225,2.963834532637708
6226,2.8091491735457375
6227,2.910489888644604
6228,2.1126208402946594
6229,3.174604739204502
6230,3.0668825860546542
6231,2.3672956978273616
6232,2.7563636826023994
6233,2.9170668496142764
6234,2.8679903561802256
6235,2.8770982690438385
6236,2.3773957178739553
6237,2.4931343140557547
6238,2.9543929471010744
6239,3.0510673163143442
6240,2.8610078682144935
6241,2.7290112833081515
6242,2.937918901985422
6243,2.832918341119799
6244,2.8215126724837316
6245,2.4059132427070655
6246,2.8397713446730704
6247,2.956306007483088
6248,2.8855285275057048
6249,2.8491045817284473
6250,3.105584605216838
6251,2.8107942567240327
6252,2.615027752780836
6253,2.650184325491499
6254,2.906263902038397
6255,3.114536777836736
6256,2.9013889431753848
6257,2.5730317317594538
6258,3.1478103740710006
6259,2.6135560555508452
6260,2.853785068953574
6261,2.8338685046711967
6262,2.916291733036647
6263,2.8490129822414607
6264,2.842484548564502
6265,2.8010019662087897
6266,2.8207719106153655
6267,2.983194799463363
6268,2.6631088160134677
6269,2.7201380831329973
6270,2.7521039920885233
6271,2.940157888316648
6272,2.6284383464514307
6273,3.049172486898343
6274,3.0113322536674922
6275,2.751280830295478
6276,1.9517579261066826
6277,2.858901870896106
6278,2.917389421541779
6279,2.886727442547372
6280,3.050232013924622
6281,3.0707255149286397
6282,2.7138642552440255
6283,2.585540623338089
6284,2.729970083058637
6285,2.9054943349003057
6286,2.8252460657049556
6287,2.700444809117979
6288,2.9876261364494217
6289,2.823255911449842
6290,2.849019475774631
6291,2.7091010183248434
6292,2.9743078631444084
6293,2.2181641374282632
6294,2.814338324670313
6295,2.5798714525678474
6296,2.688325669875784
6297,2.593072980196521
6298,2.6978505975532814
6299,2.5097330787279835
6300,2.708001371691723
6301,2.5702498806883276
6302,2.9404021135761296
6303,2.7517236196402646
6304,2.8576209315157834
6305,3.0305773363371693
6306,2.8269138169893377
6307,2.9825718725837636
6308,2.7188994390266212
6309,2.6135556489455425
6310,2.949753033159892
6311,3.032129942186701
6312,2.83410890345119
6313,2.88601269586153
6314,2.970001041898656
6315,2.4654704972884214
6316,2.9459464306642342
6317,2.5933286373659463
6318,2.6911012978349795
6319,2.829897561979908
6320,3.072155518252077
6321,2.732292952600938
6322,2.575687131055268
6323,2.5573603708750854
6324,2.410098327190465
6325,2.6112894762178227
6326,2.9762119618409817
6327,2.8398348983824695
6328,2.821170441228501
6329,2.7251558367537556
6330,2.8449482766978678
6331,2.4219163982594236
6332,2.865709381512388
6333,2.859883919054806
6334,2.861747920114219
6335,2.8524534051894945
6336,2.7106859781107078
6337,2.598828121508352
6338,2.93388340726466
6339,3.0875655380919746
6340,2.833786701774464
6341,2.3014790450787563
6342,2.7328775528683322
6343,3.081736784192653
6344,2.928650743726048
6345,2.9822115628751535
6346,2.6592906318486667
6347,2.9651536868913677
6348,3.027419265993022
6349,3.0360635923128108
6350,2.7796236795859497
6351,2.7423210090359436
6352,2.687336313052941
6353,2.7174836839696823
6354,2.9815622724961632
6355,2.3227284452938997
6356,3.0262865188103745
6357,2.582798232160164
6358,2.485938939475446
6359,2.781241737176496
6360,2.8010283363901167
6361,2.742443291383761
6362,2.60668328785344
6363,2.8466995616182222
6364,2.853152779815557
6365,3.0173799952021563
6366,2.683684360804322
6367,2.8861442961059014
6368,2.8727855443116543
6369,2.8872835043020855
6370,2.6668635780139684
6371,3.0912319001166035
6372,2.884292030526178
6373,2.8094561892160925
6374,2.779296509712473
6375,2.997548100845092
6376,2.83871673026467
6377,2.8708003484930655
6378,2.8973257377640387
6379,2.6820812082439254
6380,2.7211364320974893
6381,2.710885789237508
6382,2.8806702499136176
6383,2.351549251545475
6384,2.8940543089051234
6385,3.035511874419671
6386,2.1759041061752478
6387,2.6309804541028052
6388,3.028150778801781
6389,3.182869478163251
6390,3.008218068337019
6391,2.40188950625791
6392,2.7986405507231695
6393,2.9615205914673344
6394,2.6269201213428173
6395,2.4926284595882686
6396,3.007028495966398
6397,2.699299913909517
6398,2.888587902735807
6399,2.863095566134678
6400,2.419548489730231
6401,2.848587408995802
6402,3.0161766623697837
6403,2.3495514602653076
6404,3.055851421031737
6405,3.1603660681254038
6406,2.562450417752816
6407,2.7160690227481044
6408,3.028783130377889
6409,2.576304711062263
6410,2.9567917335388394
6411,2.6247546613651656
6412,2.842421847744414
6413,2.8642365514295847
6414,2.4218700021726427
6415,2.643240912634755
6416,2.97142553017677
6417,2.9273121870302425
6418,2.4631073319781516
6419,3.1168265174943843
6420,2.5972360726989727
6421,2.4941677703201806
6422,2.962550492703906
6423,2.5350439008948142
6424,2.9304039998045015
6425,2.898337572923059
6426,2.484220601679436
6427,2.2526793762234862
6428,3.134158159474876
6429,2.4450421420301183
6430,2.8415760024730616
6431,2.4735960258437326
6432,3.1024514615313787
6433,2.9092551275668384
6434,2.838989936050739
6435,2.552043517424387
6436,3.2568366822427723
6437,2.831461849869244
6438,2.926300893483302
6439,2.7802365515180294
6440,2.8389478958788783
6441,2.771844181319694
6442,2.1932115714046216
6443,3.1073478220318793
6444,2.889958050759562
6445,2.831515476282964
6446,2.6551272928145004
6447,3.137677748162866
6448,2.785426946070123
6449,2.780488316949101
6450,2.8943722573154655
6451,3.032826192556504
6452,2.9613256010832725
6453,3.021016318079756
6454,3.0857509238883942
6455,2.8809598820552065
6456,2.7835562516415653
6457,2.449286198317602
6458,2.8619099787635762
6459,2.596871655676344
6460,2.893741984406699
6461,3.017494886487161
6462,3.112484111863452
6463,2.640287586649831
6464,2.677973751982786
6465,2.623324338350586
6466,1.979826508399095
6467,2.7558116643182027
6468,2.9773191274558592
6469,2.7672367166157255
6470,2.9289005217498794
6471,2.947718485774264
6472,2.220673006358318
6473,2.9299627180941905
6474,2.995782252037029
6475,3.0120864039916824
6476,2.8899966355258853
6477,2.818733757916046
6478,2.557634980112168
6479,3.004584032396578
6480,2.7511386917104965
6481,2.6427560865532302
6482,2.523223284084736
6483,3.169776524376207
6484,3.062947469818582
6485,2.5589229075731543
6486,2.9971480062171056
6487,2.9161116944497985
6488,2.8630623204015335
6489,2.74515122346838
6490,2.9066506288780443
6491,2.734715415365704
6492,2.3965178273884473
6493,2.798643787257305
6494,2.9826139669211615
6495,2.415149260298437
6496,2.690069759538966
6497,2.8326764152200368
6498,2.7828276494076793
6499,2.7852122608386574
6500,2.5520805909573325
6501,3.0195934387785304
6502,2.9757475310942385
6503,2.893882230925482
6504,2.650858810123034
6505,2.9700040912156904
6506,3.0501349689869417
6507,3.0947368963396915
6508,2.658922058311159
6509,2.655547386479074
6510,2.5872554561349297
6511,2.6048206040475645
6512,2.9939609759513286
6513,2.5037650862548544
6514,2.869750399202272
6515,2.3585992597388112
6516,2.9662130145205117
6517,2.7378878091055703
6518,2.7811998182503905
6519,3.0459239590048517
6520,3.1291412423182203
6521,2.6260727289188956
6522,2.9000916098045257
6523,2.6842059700764143
6524,2.629328216114844
6525,2.563354971511714
6526,2.659207906879491
6527,2.696547687707514
6528,2.681995747140462
6529,2.741828462117291
6530,2.654573280516898
6531,2.7841780934018576
6532,2.917677028974962
6533,2.5697394766944046
6534,3.0264616933462993
6535,2.8533024845825707
6536,2.6687390589251883
6537,2.954656724646616
6538,2.8622902244990445
6539,2.557063363889315
6540,2.6866518642478816
6541,2.76306192099913
6542,2.6125029869503376
6543,2.757226858800994
6544,3.106514619438754
6545,3.1411626414493035
6546,2.65488136631145
6547,2.739755772089738
6548,2.7989637640213934
6549,2.6009002030495783
6550,2.872216769235673
6551,2.8468698623643407
6552,2.7212126190784414
6553,2.9660463648771906
6554,2.9958401023066035
6555,2.7975851512015844
6556,3.1628796654120634
6557,2.8559152209029257
6558,2.6113297089827356
6559,2.98100568096234
6560,3.0263298650700596
6561,2.788167582139722
6562,2.89649665850075
6563,2.688085233851962
6564,2.8704977292160065
6565,2.8171066743300104
6566,2.8922147473306623
6567,2.5029920042381413
6568,2.795063291703124
6569,2.689931597233805
6570,2.613075003099274
6571,2.3661370879913672
6572,2.8813165953701296
6573,2.9672794753502303
6574,2.7568493296293415
6575,2.27151912246573
6576,2.9754353113885847
6577,2.408522323711584
6578,3.0469881979120292
6579,3.127954668443504
6580,2.8491195149164388
6581,3.0161662173124255
6582,2.7887611689104643
6583,2.4494461545752833
6584,2.7710637288863835
6585,2.695042094382247
6586,2.8417677949083053
6587,3.00439562510884
6588,2.6731411659993034
6589,2.6058821513884527
6590,2.9856428330335536
6591,3.071279887578264
6592,2.3471815064040213
6593,2.886104045009552
6594,2.8399054604645197
6595,2.655077912185081
6596,2.700748856166306
6597,2.6823274157276114
6598,2.594556473726323
6599,2.5516751698778557
6600,2.8056962177314295
6601,2.960650865459454
6602,3.065222059019321
6603,2.612832011764706
6604,2.289391835102641
6605,3.006142349303941
6606,3.0157080813528467
6607,3.128689104590317
6608,2.8520417181106064
6609,2.755570012013234
6610,2.981342804435393
6611,3.022886834810281
6612,2.640497940538435
6613,2.879450834123905
6614,3.0333079143587462
6615,2.9298023922675758
6616,2.9460236497272825
6617,2.5970986812051113
6618,3.1067755678916535
6619,2.6785471678550867
6620,3.019247022933874
6621,2.8372963616228577
6622,2.8284985234767013
6623,2.946595510193299
6624,2.809528809752448
6625,2.756265398080042
6626,3.0422744504891424
6627,2.6341283716863004
6628,2.908910128370763
6629,2.7842898318482217
6630,2.668518252726864
6631,3.05239160495963
6632,2.9944834339552164
6633,2.9239458368255646
6634,3.0716870880954157
6635,2.6049671467311235
6636,3.0467718263058616
6637,2.8804563805987824
6638,2.4134749584737967
6639,3.0768103823914474
6640,2.560665109021544
6641,2.801688872256837
6642,2.702483299076337
6643,3.05932601052686
6644,2.859603425578468
6645,2.9649244918420727
6646,3.00661621646343
6647,2.961632659741714
6648,2.659786550053053
6649,2.6960945023902183
6650,1.8274471373668049
6651,2.732908193408094
6652,3.028080135006605
6653,2.510080989439524
6654,3.0211729230756323
6655,2.99911885319073
6656,3.031471332619887
6657,2.6035385627853076
6658,2.5975909017290864
6659,2.690201423040749
6660,3.2493789260157646
6661,2.8950611933087855
6662,3.0001544672262463
6663,3.0402778146906346
6664,2.290220799182082
6665,2.8722404157465267
6666,2.7684324269700795
6667,2.1738143650360056
6668,2.765025354103044
6669,2.6781211429022886
6670,2.764482044294244
6671,2.706771545287845
6672,2.9111969085208007
6673,2.515242071698861
6674,2.6953446280885553
6675,2.9846770814680923
6676,3.058848251299554
6677,2.1703896513436103
6678,2.8174502713632186
6679,3.020618181963778
6680,3.013095088952153
6681,3.102879869455593
6682,2.4632254439535637
6683,2.963595372463693
6684,2.598906457904221
6685,2.9318002902882947
6686,2.3917569889896844
6687,2.6224571318026135
6688,2.848619790513341
6689,2.452160090630051
6690,3.12528478203508
6691,2.8105951860246035
6692,2.804683598820353
6693,2.7739478259570713
6694,2.7428988783166135
6695,2.4943775760362215
6696,2.9203741135276444
6697,3.0715577046524634
6698,2.923006706690124
6699,2.8436113820003377
6700,3.031767355908725
6701,2.6351892908692167
6702,2.924986322919178
6703,2.636975452357246
6704,2.6514126932309345
6705,3.0447329803365557
6706,2.511774355342475
6707,2.8490578133071645
6708,2.9649963805427317
6709,2.570420333311601
6710,3.027689032845031
6711,3.159218162033527
6712,2.691004068202898
6713,3.1146250779001856
6714,2.699557783089668
6715,2.8594016687944865
6716,3.077720985341352
6717,2.818621242667872
6718,2.457811767313596
6719,3.2029043253598366
6720,2.8722486836033885
6721,3.000015792581524
6722,2.620209235689956
6723,3.097617128269804
6724,2.5730289460507514
6725,2.54842233581524
6726,2.6442292378930383
6727,2.8636919749392615
6728,2.9361766313713025
6729,3.1366682405056263
6730,3.0151930545364376
6731,2.8361151709414334
6732,2.7579983894567124
6733,3.004135281555812
6734,2.7957505878635893
6735,2.861502940270948
6736,2.370705221908634
6737,2.60314162372887
6738,2.9134795607703574
6739,2.789303668807447
6740,2.7812586908991874
6741,2.8850993255837514
6742,2.3583097080076176
6743,2.540011835201468
6744,2.859871747611812
6745,2.8730080095334656
6746,3.1323488511291027
6747,2.666411078059842
6748,3.0949189244187765
6749,3.0621464074885405
6750,2.2207305024087787
6751,2.745561037592367
6752,2.720614776899932
6753,2.5086483129299935
6754,2.777818562633834
6755,2.7070164294470676
6756,2.962064690963523
6757,2.9767254555790092
6758,2.8427713746093204
6759,2.6840033259176623
6760,3.0108463956814893
6761,2.872404639263259
6762,2.57493576970397
6763,2.880598181532351
6764,3.0661653552330925
6765,2.6805193459973666
6766,2.865542196828011
6767,3.087403642167528
6768,2.9112078402433363
6769,2.608082873259366
6770,2.879795633763706
6771,2.9010231580550805
6772,3.007802016267954
6773,2.9289829486095798
6774,2.9329622605138534
6775,2.8374973437046074
6776,2.5994809673082706
6777,2.907578661355673
6778,3.021975271675726
6779,2.7610212002469043
6780,2.630586037291818
6781,2.5763615999468685
6782,2.8199974719137777
6783,2.605970134254198
6784,2.680271573682015
6785,3.0917771991232947
6786,2.780551378415647
6787,2.903493361098309
6788,2.57973154275877
6789,2.8532182259922965
6790,2.4854772441787887
6791,2.910471291792172
6792,2.699374219238792
6793,2.504536910400179
6794,2.808857596449484
6795,2.6955517132218416
6796,2.6017182854889627
6797,2.815372199625073
6798,2.804841585318706
6799,3.173422233568736
6800,2.5594367771273685
6801,2.888123653912302
6802,2.985708406330653
6803,2.697064394077302
6804,3.0141705740429425
6805,2.7321535734573685
6806,2.726285021525521
6807,2.2999538369880614
6808,2.751141675582573
6809,2.6487794470239083
6810,2.998962131848161
6811,2.9254476089078354
6812,2.446513275782167
6813,2.4928563608932994
6814,3.0031094428869403
6815,2.771012749650588
6816,2.8262987190928524
6817,2.795743123038517
6818,2.5583101992692723
6819,2.9640307199078006
6820,3.031003028556036
6821,2.8448931175826173
6822,2.91596358102855
6823,2.3010722327713857
6824,2.8376605061707787
6825,2.8738977985824663
6826,2.8579563526137055
6827,2.9894812651075346
6828,2.7890865841900943
6829,2.5282720431657486
6830,3.094429824822824
6831,2.7563092556082776
6832,2.8181833700617105
6833,2.723849354953895
6834,2.922945885936618
6835,2.8145429627154317
6836,2.9988433513721744
6837,2.5627773653045316
6838,2.8788782702653024
6839,2.701722961137521
6840,2.8856884430568943
6841,2.939940606764575
6842,2.795209616900517
6843,2.9226203636361587
6844,2.754671595908438
6845,2.606187557269474
6846,2.7028054150692458
6847,2.759103978136664
6848,2.5862774832002513
6849,2.8085583229339792
6850,3.005670414324021
6851,2.895557008511961
6852,2.864136235281219
6853,2.8112855235311716
6854,2.644533999764011
6855,2.929320061730638
6856,2.9033583816621045
6857,2.8403472940768277
6858,2.7232541627698446
6859,2.8326304140237815
6860,2.552308581406222
6861,2.861931050291022
6862,2.537869509539277
6863,2.5077689197910322
6864,3.095797730681939
6865,2.860688751855884
6866,2.9788265546053543
6867,2.711927727119582
6868,3.0108334858285586
6869,2.884798754366128
6870,2.740205891096218
6871,2.7487805632876037
6872,2.947951374317882
6873,2.810670887170438
6874,3.141629153659863
6875,2.9431162547536265
6876,2.7837938851420185
6877,2.605986849443502
6878,2.6675884047678022
6879,2.7880790311300014
6880,2.9803047718286835
6881,2.710981979703319
6882,2.4076965244797477
6883,2.660542447465405
6884,2.7305591968854688
6885,2.7464003256445215
6886,2.58900802545794
6887,2.526287631757322
6888,2.841531514264165
6889,2.8376752903351585
6890,2.768780721246194
6891,3.0752406802371874
6892,2.6342687320629405
6893,3.031064530079031
6894,2.811641156213688
6895,2.836501107758302
6896,2.7701426511713327
6897,2.7203420738163806
6898,2.7332662651848256
6899,2.9154133992164297
6900,2.5508811288535806
6901,2.481720996187549
6902,2.663161903971645
6903,2.75081172274904
6904,3.124074468675172
6905,2.9943480277161125
6906,3.18904971456703
6907,2.4644730648813256
6908,2.779486540475939
6909,2.7414665957621454
6910,3.087703710154728
6911,2.9021245844801333
6912,2.6824182402118133
6913,2.7370878832212173
6914,3.1121670016860534
6915,2.71852255793004
6916,2.269471899061194
6917,2.4410977846642714
6918,2.6326585767132977
6919,2.4663987100206146
6920,2.5403122850149042
6921,2.916997632168234
6922,2.7626702394145566
6923,2.668893910456511
6924,3.005361521033874
6925,2.50805464319944
6926,3.067921528634737
6927,2.756970003167565
6928,2.9641883231979977
6929,3.0885569214571578
6930,2.6166875265177114
6931,2.805000551410746
6932,2.625873919803989
6933,2.865760475954914
6934,2.9076500848064404
6935,2.7293926568527023
6936,2.763978932561135
6937,2.8393430629262366
6938,3.0484113889977285
6939,2.664140508548304
6940,2.9969449212889883
6941,2.9541586501800947
6942,2.792351869154865
6943,3.0102580503296235
6944,2.67347745334867
6945,2.961320420933147
6946,3.0552854233797415
6947,3.02566412087801
6948,2.789635375093302
6949,2.4511430312839204
6950,2.8949799495037594
6951,3.1129636147334754
6952,3.0687059081395347
6953,3.2363630830550942
6954,2.5136974746789353
6955,2.711573554272772
6956,2.918094117242321
6957,2.8094593901822598
6958,2.8950516347391786
6959,2.3339729273479826
6960,2.9966276406738466
6961,2.8717695027273704
6962,2.7004297089593114
6963,2.93903488182
6964,2.957337273147015
6965,2.820786286104119
6966,2.145546936766665
6967,2.848442188319399
6968,2.9706769085496987
6969,2.775746699322995
6970,2.5682210573749438
6971,3.112105404749736
6972,3.1341039034101867
6973,2.960511097753812
6974,2.8670463405861204
6975,2.921272304261598
6976,2.9308854517211924
6977,3.1465091622792647
6978,2.718486416849808
6979,2.283393315324325
6980,2.65820790854432
6981,2.883669630791143
6982,2.9720001291247655
6983,3.1073756551317695
6984,2.7284442119568886
6985,2.7856994683200487
6986,2.4369842466135156
6987,3.024227677501449
6988,2.850017150409469
6989,3.0199233741628215
6990,2.6691652356717457
6991,2.722738157731415
6992,2.8365840978881134
6993,2.6162720035033593
6994,2.7131492155987336
6995,2.896672854250406
6996,2.613603441963268
6997,2.7310244681015616
6998,2.70766950583045
6999,2.5716540924054447
7000,2.7738278508812564
7001,2.955000320769753
7002,2.9493751549823948
7003,2.7415890744795615
7004,3.0022563996391383
7005,2.7886933096880586
7006,2.607652819987109
7007,2.667000215051128
7008,2.609998077057426
7009,2.6872356418633254
7010,2.7350781261275174
7011,2.6048807096024618
7012,2.5884269047015924
7013,2.6621021113996512
7014,3.0826263464055246
7015,2.7980287976813942
7016,2.393026921871046
7017,2.7392950159944163
7018,2.9169613756429795
7019,2.848966656631744
7020,2.7577427641618986
7021,2.788276020643528
7022,2.9009830103136687
7023,2.7377957761509055
7024,2.537930778719344
7025,2.94246130637406
7026,3.0587510161157905
7027,2.605748985481152
7028,2.553400335627267
7029,3.1166793294504713
7030,2.725837434976413
7031,2.6544507939829036
7032,2.5621134230070286
7033,2.859332004381351
7034,2.647625841019061
7035,2.9224941113452956
7036,2.719889279597117
7037,2.61908215115061
7038,2.8794513071322516
7039,3.069047385643581
7040,2.641070003354032
7041,3.0383481267961128
7042,2.6624115110227904
7043,2.639358733982085
7044,2.98028703011913
7045,2.930742396588459
7046,2.7834503589910784
7047,2.7583965946667077
7048,2.566699281750614
7049,2.6410856373137612
7050,2.645393923849962
7051,3.144351209987251
7052,2.9548783449842007
7053,2.9694216496039187
7054,2.75228024467227
7055,2.927605493336184
7056,2.9047858884039064
7057,2.7213532542154555
7058,2.5706164825990223
7059,2.9904359922937584
7060,2.875653309316424
7061,3.1101806602284015
7062,2.933595960565436
7063,2.681023098441545
7064,3.003041395903801
7065,2.6719394460175034
7066,2.6481988726029653
7067,2.846991567350968
7068,2.815038697391266
7069,2.964088596325513
7070,2.6119998445174732
7071,2.822282955042264
7072,2.865949264710945
7073,2.7005242523716486
7074,2.7973228172740474
7075,2.9188298111144713
7076,3.133830342780842
7077,2.6695919093315292
7078,2.3734506268816897
7079,3.111655736494481
7080,2.6670537485323136
7081,3.0120644235940657
7082,2.7958810690848375
7083,2.8570816891447235
7084,2.8587360603139533
7085,2.923527704181568
7086,2.9850636613649124
7087,1.9809156957391
7088,2.9354654087475325
7089,2.8414094675840804
7090,2.7515677866714885
7091,2.9651273308469768
7092,3.0707847841957427
7093,2.6995548896067323
7094,2.948092746082275
7095,2.956791342882444
7096,2.9725875244455118
7097,3.0528409962583067
7098,2.4230979230647294
7099,3.024776388680578
7100,2.487143178386393
7101,2.7306490141307993
7102,2.6592408538768653
7103,2.182733540700047
7104,2.87705615892912
7105,2.763100311511777
7106,2.932428758798761
7107,2.8866810751008756
7108,2.324023436324561
7109,2.989571517793081
7110,2.96431987178838
7111,2.9934663209795183
7112,2.6768409189098668
7113,2.8557938738208946
7114,2.8880077590809594
7115,2.5041628242566505
7116,2.3597779067527167
7117,2.6362337759324
7118,2.733018370944782
7119,2.4003048843311596
7120,2.6898092518390677
7121,2.913898373062692
7122,3.0932656744633364
7123,2.8488530442255837
7124,3.1109769382853294
7125,3.0920607349988884
7126,3.0132940029153974
7127,2.6706609129424472
7128,2.580518554914825
7129,3.031470136089893
7130,3.1363901300660673
7131,2.9827021052240648
7132,2.6606204012050942
7133,3.057190015097244
7134,2.4965927369655683
7135,2.68630450943275
7136,2.920187672824322
7137,2.9115829406686347
7138,2.921903912934551
7139,2.8078836982033213
7140,2.8120735708462243
7141,3.075171431034512
7142,2.7756089584614765
7143,2.8999296383144664
7144,3.155186118627388
7145,2.9183678872210193
7146,2.8675142833420266
7147,2.5316461437096316
7148,2.8361080541855266
7149,2.9855901329642394
7150,3.1001229379387993
7151,2.873830825338034
7152,2.4727781005262606
7153,2.8070544244253726
7154,2.6342735838832874
7155,2.669779584949857
7156,2.7675972688571115
7157,2.164037825796745
7158,3.0655072957030383
7159,3.1533421898836793
7160,2.689205309205701
7161,2.5569675076300404
7162,3.0893187167004825
7163,2.437614675417631
7164,2.5291011596681012
7165,2.873345294522655
7166,2.9763391299590145
7167,2.9650148449426537
7168,2.5209792000771145
7169,2.8693251652641845
7170,2.854010199477854
7171,2.7029397858193547
7172,2.7097234090716373
7173,2.722519820743541
7174,2.591733022940396
7175,2.7583665228496606
7176,2.869511240754368
7177,2.7481970649126803
7178,2.8729384788733006
7179,2.7999744089837737
7180,3.12874559646668
7181,2.917508336056714
7182,2.8246944654496597
7183,2.842787025182618
7184,2.837186807718558
7185,2.6711183677521477
7186,2.6730793472364045
7187,2.287333677546207
7188,2.820221933061582
7189,3.008900685435721
7190,3.0264124186347074
7191,3.0331438059173585
7192,2.8563010030241394
7193,2.904082933667981
7194,2.9500299700006036
7195,3.101720996426175
7196,2.8012042035266282
7197,3.0437378697355713
7198,2.485733193929555
7199,2.978777952472541
7200,3.0030292428757654
7201,2.4924860963517395
7202,2.8409524640833723
7203,2.695109828705963
7204,3.130577611860018
7205,2.4182262722201364
7206,2.563700361745178
7207,3.058022333063697
7208,2.806632957155447
7209,2.9766541688641284
7210,2.950521950876668
7211,2.7900914547027527
7212,3.14704721422126
7213,2.75465015415838
7214,2.698527377413762
7215,2.62951530275752
7216,2.9399920359375407
7217,3.1659076732025295
7218,2.918296879858997
7219,2.900223160528176
7220,2.6754109884309387
7221,2.811871529882625
7222,2.644020150021121
7223,2.207791792284323
7224,3.0065232577494716
7225,2.830887893262265
7226,3.1813766791927196
7227,2.9197036396413902
7228,2.3933664665454977
7229,3.0371574064807283
7230,2.712805461685393
7231,2.7453535955424897
7232,2.730013158271723
7233,2.8993528528352357
7234,2.7510623141270134
7235,2.845645322558829
7236,2.910670805754288
7237,2.918240735137015
7238,3.133555204973705
7239,2.9164556912320783
7240,2.6064155754889913
7241,3.045332728957404
7242,2.3754020204937185
7243,2.879453161249543
7244,2.7515052712895214
7245,2.6338189423834177
7246,2.9870061836070034
7247,3.027695754307612
7248,2.9896038403658096
7249,2.937206598645377
7250,3.079113536320013
7251,2.9258359683282693
7252,3.070633886194087
7253,2.718204515205181
7254,2.508486606774639
7255,2.498163254049194
7256,2.8189244160279614
7257,2.903618735942053
7258,2.7311266513074175
7259,2.3445207594111794
7260,2.4978620769249122
7261,2.666449534512283
7262,2.3678151129080725
7263,3.094720275400532
7264,2.7298788667552607
7265,2.8919813829225127
7266,2.5424966856498994
7267,2.8115170589341414
7268,2.5261222645760424
7269,3.201347721005379
7270,2.692893147454056
7271,2.7128629749790107
7272,2.849290464240736
7273,2.857159909971706
7274,2.868750446343947
7275,2.9203132018719953
7276,2.6167656298416087
7277,2.3379143729336693
7278,2.4301857509309075
7279,2.86472475568097
7280,2.5077369868985624
7281,2.321894457532359
7282,2.6494959777153873
7283,2.642347797742494
7284,2.8835656521965616
7285,2.7320049946954126
7286,2.3443104744210985
7287,2.908111128478881
7288,2.898791818947778
7289,2.5931097995805197
7290,2.8715941093693726
7291,2.4973747026210735
7292,3.010012235090735
7293,2.756413386035063
7294,2.843478503075284
7295,2.7530672281367226
7296,2.9957329614012855
7297,2.8505698358931237
7298,2.688202594692087
7299,2.47468547707004
7300,2.942875647025677
7301,2.9688048092991504
7302,2.7450842974409437
7303,2.800450216467155
7304,2.6960177161141585
7305,3.0420277346770934
7306,2.8333721371104077
7307,2.859465530463498
7308,2.8650898195374004
7309,2.7311369347196264
7310,2.7104755419665096
7311,2.989334514372941
7312,2.7044179587539303
7313,2.9309139720915316
7314,3.0724992286961736
7315,2.769121655685925
7316,2.516844823644687
7317,3.0086339955245456
7318,2.754009052338907
7319,2.7798086887253577
7320,2.895533150913342
7321,2.831655892620856
7322,2.9556344311880536
7323,2.8045867423739335
7324,2.681295590490573
7325,2.4486557236625908
7326,2.8887570966867226
7327,2.785479690494767
7328,2.8703017736376752
7329,2.8424499067906526
7330,3.0625585221556233
7331,2.644623802460117
7332,2.65821370534688
7333,2.9125946333643715
7334,2.970475254808258
7335,2.747761627131362
7336,2.8392995570851443
7337,2.800805985036644
7338,2.888384020108548
7339,2.5149923420457543
7340,2.797091663512723
7341,2.523420319042533
7342,3.1132122907574766
7343,2.4864535652165265
7344,2.951416583707452
7345,3.1786384625747828
7346,2.5925100931065175
7347,2.8420742548079763
7348,2.651424363490647
7349,2.9250404112498427
7350,2.991890216375461
7351,2.6843329809902476
7352,2.5148600337662375
7353,2.9969932864050577
7354,2.540470900765456
7355,2.73389019356224
7356,2.8375954271445996
7357,2.6238815691872475
7358,2.703319011642172
7359,2.7924350550681423
7360,2.877332516516046
7361,3.0350841791542997
7362,2.8490904264864807
7363,2.6371896996200577
7364,2.809874892492912
7365,2.808088886564135
7366,2.8517249608874544
7367,3.063255146751858
7368,2.821829020095727
7369,2.9236451158462358
7370,2.904845521382239
7371,2.796787553436052
7372,2.4713768311529334
7373,2.8723660518285516
7374,2.917783253240566
7375,3.0721375030465468
7376,2.7544108248028687
7377,3.041787781122442
7378,2.8435283671025084
7379,2.7971557736426935
7380,2.5126313603301957
7381,2.8257969647208983
7382,2.953088980296161
7383,2.7333070969099755
7384,2.811353137839595
7385,2.981660527258113
7386,2.680650491098428
7387,2.911588952722162
7388,2.9746075388324886
7389,2.724718973649915
7390,2.804728648444512
7391,2.879672456974813
7392,2.621985506810998
7393,2.6062892995252502
7394,2.7445052777090586
7395,2.556542170544237
7396,2.855546551766419
7397,2.655951398630442
7398,3.1017609778905837
7399,2.5334102771625138
7400,3.071136669439568
7401,2.5820174841807253
7402,2.841411279102043
7403,2.5558131853858517
7404,2.6586623394058835
7405,2.9610695671720837
7406,3.143609086521775
7407,2.592827282371665
7408,2.6245097891595233
7409,2.9427643245989934
7410,2.320030416533534
7411,2.87391157811979
7412,2.937344499104867
7413,2.9693699651720786
7414,2.996142246969244
7415,2.9318432902051663
7416,2.892906414876877
7417,2.6975667544048627
7418,2.913381284715698
7419,2.881372112424388
7420,2.686921002124075
7421,2.956080234585022
7422,2.455636902872796
7423,2.8115554832857366
7424,2.9866920738172253
7425,2.9337070410794186
7426,2.341478736862722
7427,2.682062870225943
7428,2.693960050216438
7429,2.552926060579809
7430,2.5011891265627026
7431,2.8490574256593115
7432,2.911840973486228
7433,2.5873813347117456
7434,3.0274515109607165
7435,2.8538907874399797
7436,2.9207177056423044
7437,2.925962973424439
7438,3.008795526892494
7439,2.835489566617813
7440,2.8180747827118573
7441,2.417820915650345
7442,3.035273317791406
7443,2.8171806437365836
7444,2.610989415967044
7445,2.778914606061102
7446,2.938019187876927
7447,2.7224848074971395
7448,2.4741873935693097
7449,2.900816144043821
7450,2.951865663694087
7451,2.7150067218224883
7452,3.0226879699172953
7453,2.9173437563234974
7454,2.990027274824377
7455,2.7466414319236856
7456,2.9572532541736463
7457,2.772640994650729
7458,2.720817783855116
7459,2.810918086376626
7460,2.5601416485796222
7461,2.713161608958912
7462,3.1020344068994956
7463,3.018814699117396
7464,2.8405287727583484
7465,3.1585082689954938
7466,2.545202696984264
7467,2.8313045053021795
7468,2.8717717004043237
7469,2.6984356169943924
7470,2.9111563250689985
7471,2.9308359077966215
7472,2.801502165704129
7473,3.181443314740595
7474,2.7111560223299933
7475,2.7087917777552817
7476,2.48896121438871
7477,3.0447832976359424
7478,2.563118464295756
7479,2.78379396178966
7480,2.705076624393101
7481,2.740918391726347
7482,2.949791635659498
7483,3.0648014254737856
7484,2.739410737079063
7485,2.467399781330694
7486,2.6847999627156356
7487,2.4462000517112523
7488,3.086276096353173
7489,2.5615781414293446
7490,2.9973103140986606
7491,3.0628173246920607
7492,2.920266265985368
7493,2.6902595224535135
7494,2.8321769174133244
7495,2.80305257416267
7496,2.8558231740644113
7497,3.0195357528103504
7498,2.7870925950373007
7499,2.7898766673500375
7500,2.803489568268799
7501,2.8053039572458016
7502,2.863574798264837
7503,2.8828488930425307
7504,2.6182241665402555
7505,2.300902409673073
7506,2.4672594845989093
7507,2.513452901389913
7508,2.967632324521532
7509,2.7707018765250004
7510,2.5955980877363185
7511,2.898392215402905
7512,3.132808490538559
7513,2.9974643557711573
7514,2.7114404929126743
7515,2.591702024730522
7516,3.1395734686307835
7517,2.4837501068749708
7518,3.032263423430778
7519,2.9976621301950668
7520,2.8616897899776137
7521,2.9840454277484216
7522,2.888604229053157
7523,2.7212573357543417
7524,3.0696213547705713
7525,2.0430723799518957
7526,2.8109672790807116
7527,2.9764774328304346
7528,2.9588965068027626
7529,2.7296130400958036
7530,2.7565279364938777
7531,2.715230245082692
7532,3.083832639458414
7533,2.8685328977038167
7534,2.5140278110649605
7535,2.539491644600038
7536,2.959603281580899
7537,2.4636376393703805
7538,2.112411142259171
7539,2.570971694334307
7540,3.0674624440108365
7541,2.8588409535804886
7542,3.0541187598015287
7543,2.921297589520493
7544,2.7559768256420134
7545,2.9477069288882083
7546,2.689924926168209
7547,3.127886897191926
7548,2.497022161911975
7549,2.700371385830553
7550,2.9308398704219796
7551,2.934402324718223
7552,3.023233998554055
7553,2.8755476035110075
7554,2.7585374503824522
7555,2.44200080810457
7556,2.690452496337858
7557,2.6791347702745574
7558,2.7076642722264865
7559,2.798062802044458
7560,2.7049884466760203
7561,2.7899209011179753
7562,2.9153974460414798
7563,3.102792429905223
7564,2.3706287556896086
7565,2.67931769353353
7566,2.706253625163952
7567,2.94781205709595
7568,2.526237422034463
7569,2.594052221935411
7570,2.8489916543289913
7571,2.6675841346747795
7572,2.9698367415127156
7573,2.817476960803145
7574,2.594155407052298
7575,2.763826431159781
7576,2.7404638124661402
7577,2.724869815164505
7578,2.9449826616660606
7579,2.761932063411955
7580,2.914142829322179
7581,3.0456072168598745
7582,2.4406476310053273
7583,2.7153066449564816
7584,2.8696575759885
7585,3.1656179067956476
7586,3.0059184526108558
7587,2.5808210483433385
7588,2.3353321947727563
7589,2.592997804412612
7590,2.8063623977102616
7591,2.7416534651942257
7592,2.4462335638022825
7593,2.820621150671729
7594,2.821107328627353
7595,2.7941249002946456
7596,2.8376708406473097
7597,3.076660251787146
7598,3.0237636320430528
7599,3.032346583922458
7600,2.8498104616136892
7601,3.0801214594120014
7602,3.0226904618045913
7603,2.9343999211708187
7604,3.1602817568846278
7605,2.399759971910486
7606,2.788471552425411
7607,2.728951409318081
7608,2.7304388030272846
7609,2.5699522300728463
7610,2.8580863420293303
7611,3.0575092612868393
7612,3.2042851774578285
7613,2.5866411698347007
7614,2.9667222225421535
7615,3.137295902344815
7616,2.783616644565511
7617,2.811686591773325
7618,2.755738204497978
7619,2.6055261072349776
7620,2.5428687492328805
7621,2.9439939756407405
7622,2.828297169931475
7623,2.7912596312693605
7624,3.039826570227546
7625,2.5087841509108664
7626,2.7027879758924973
7627,2.5728587034936887
7628,2.618187084195323
7629,2.8355072926180176
7630,2.952380107233669
7631,2.691196980831876
7632,2.817986638794323
7633,2.5569318853742704
7634,2.4742565819312503
7635,2.6801937882881064
7636,2.358327353188306
7637,2.7810559301201327
7638,3.1035343365340258
7639,2.634728683154619
7640,2.711717844461897
7641,2.971502547503448
7642,2.950804023010739
7643,2.4342327573391964
7644,2.957270145112579
7645,2.7227995091333215
7646,2.374785911976221
7647,2.9314482037030793
7648,2.623434297429678
7649,2.9396490507586512
7650,2.7655704878789598
7651,2.6233186444102152
7652,2.5593942206878935
7653,2.7828080632715606
7654,2.900830203884221
7655,2.999871676163898
7656,2.7013000812113868
7657,3.125016815837138
7658,3.115077496954436
7659,3.016105435360834
7660,2.681982161151657
7661,2.921948822261519
7662,2.7809278410666267
7663,2.7813800620887204
7664,2.6706382087546854
7665,2.928786399885893
7666,2.5335658091084494
7667,2.4370571880697613
7668,3.1900695845421607
7669,2.9361604332400666
7670,2.989183789297978
7671,2.9702377609858424
7672,2.5389586804738973
7673,2.9343074505014455
7674,2.562435475919784
7675,2.559812653018316
7676,2.5430402125241125
7677,2.7465908416056917
7678,2.6423249627961636
7679,2.5527834466927217
7680,2.3211339675946814
7681,2.779045285224616
7682,2.5759861141585025
7683,2.9013083103062653
7684,2.96664752570958
7685,2.7834888463245315
7686,2.479154593261768
7687,3.029786681273638
7688,2.7906328963722378
7689,3.1157833914150252
7690,3.0697740648879264
7691,2.862720707061932
7692,2.9845567762127585
7693,2.616516082839024
7694,3.078509580496923
7695,2.959231714312308
7696,2.8142055161457766
7697,2.5946489509488364
7698,2.5526830021572966
7699,2.726524884111435
7700,2.84388656148044
7701,2.0534209675287207
7702,3.0553800736111434
7703,1.8016519503756125
7704,2.829825802424781
7705,2.6211896873551326
7706,3.0461810752438083
7707,3.0396430297379005
7708,2.950814775015846
7709,3.045192368961454
7710,2.749088062145619
7711,2.633970572606044
7712,2.7897947149769355
7713,2.930828503817354
7714,2.617027800856489
7715,2.8956770557922953
7716,2.6410926900903844
7717,2.9648425462895043
7718,2.907342680577685
7719,3.057127264138748
7720,2.92288673554687
7721,2.8206866648685542
7722,2.8373925500889006
7723,2.8873765845166264
7724,2.565121222745214
7725,2.816811639810129
7726,2.5980971244104323
7727,2.8747261271503994
7728,2.963372910398623
7729,3.1955797446985033
7730,2.840439847897924
7731,2.7803720306529707
7732,3.1375944085904712
7733,2.9879724577051947
7734,2.8697158029594414
7735,2.8778798803496097
7736,3.134208767853005
7737,2.5738740850865183
7738,3.0660626368874078
7739,2.63714512231891
7740,2.8864071297645553
7741,2.4846803520674827
7742,2.7197465986705396
7743,2.5878236398108245
7744,2.7462396466788426
7745,3.136244170653334
7746,2.704647069140339
7747,2.72381675884907
7748,2.7686509759544875
7749,2.65182618203231
7750,2.502386663541961
7751,3.1619111394226427
7752,2.7399738110872787
7753,2.931770674658168
7754,2.823884546385927
7755,3.103669037330784
7756,2.653176178603304
7757,3.004456399561003
7758,2.887863544136254
7759,2.848398500732622
7760,2.819709880106366
7761,2.7641401929685343
7762,2.4916946666991113
7763,2.7499183409733017
7764,2.9814390272582902
7765,2.8320485725885503
7766,2.9685728224136403
7767,2.8139174377646965
7768,2.718172342614665
7769,2.7195256631188736
7770,3.1179828157036704
7771,2.9644603887785084
7772,3.1832206107718934
7773,2.718069910830512
7774,2.5231042153069674
7775,3.057770978684012
7776,2.799186448513279
7777,2.29436483640757
7778,2.5124681807862004
7779,3.0499373865688124
7780,2.925383217911718
7781,2.5304537658865396
7782,3.010395418186727
7783,2.7037991478900705
7784,2.990537638711635
7785,2.8401698905314725
7786,2.9900680779864945
7787,2.7903935793349213
7788,2.619841103031967
7789,2.525225853310018
7790,2.332950767327016
7791,2.804957650016942
7792,2.9464582711512923
7793,2.7289183858591115
7794,2.9812149983541545
7795,2.72561713976129
7796,2.947304863927255
7797,2.9236461456879965
7798,2.6587200005965377
7799,2.6268722861094846
7800,2.723704510475309
7801,2.863235044892409
7802,2.723760365428241
7803,2.8051036607438316
7804,2.8772642403926803
7805,2.878774132263713
7806,2.9390489324771494
7807,2.555754721934141
7808,2.964250588661882
7809,2.5775737141651778
7810,2.902210286057108
7811,2.7660641692880388
7812,2.7276806257514687
7813,3.1017147784537724
7814,2.714103871248694
7815,2.2935079259707645
7816,2.881136927527147
7817,3.14823903168741
7818,2.9220948172633547
7819,2.956647037898634
7820,2.97738935357268
7821,2.6899346139391365
7822,2.667915444131194
7823,2.6613842895049755
7824,2.7911751363169865
7825,1.98713224738013
7826,2.734625409629409
7827,2.493660042210223
7828,2.830388107993072
7829,3.081089590341103
7830,3.058383722940423
7831,2.774195270783039
7832,2.974438328248737
7833,2.499144754108224
7834,2.9594034599351433
7835,3.084894386852604
7836,3.2385459081335046
7837,2.6372234899313423
7838,2.532606031913268
7839,2.774756817730586
7840,2.8535049342643757
7841,2.941790714414537
7842,2.7765082425971497
7843,2.817260906743152
7844,2.281631136204043
7845,2.653578513644774
7846,2.608246302279755
7847,2.9131005722140006
7848,2.9550282141400936
7849,2.9911522519617586
7850,2.9680372216437023
7851,2.6521161659015284
7852,2.730638390361532
7853,2.4905867990758632
7854,2.563158060923686
7855,2.9284671316043576
7856,2.983471092192577
7857,2.797807012206836
7858,2.866309976303554
7859,2.7977793250431926
7860,2.347663243177209
7861,2.6413906237979377
7862,3.048966995241363
7863,3.229988126518118
7864,2.768826113706794
7865,2.8320960974055
7866,2.4393811165103694
7867,2.97726603484151
7868,3.053572718917074
7869,2.80902299793738
7870,2.3323242711649756
7871,2.814594180631959
7872,2.819484642052246
7873,2.43534852263659
7874,2.6056091720375574
7875,2.5931478477912666
7876,2.4278603631725795
7877,2.6503610782900857
7878,2.9838978512836807
7879,2.7196222235752274
7880,2.5483809351551896
7881,2.7607428932999536
7882,2.7113296811010335
7883,2.8015725764580437
7884,2.9650519969423472
7885,2.717892127489559
7886,3.1229058385413886
7887,2.9313838260096516
7888,3.0934776102613166
7889,2.528066913635002
7890,2.7819928336360364
7891,2.8744302375375095
7892,2.955410136662931
7893,2.8456002639793097
7894,2.6911069428536356
7895,3.167151710774094
7896,2.881539688179744
7897,2.8132587303386902
7898,2.9288032297942554
7899,2.7051142966023294
7900,2.7821672658171073
7901,2.8462545693136643
7902,2.547118555211378
7903,3.101577946703299
7904,3.038750788182921
7905,2.829062468153276
7906,2.9277561548638236
7907,2.8710830595355166
7908,2.9415760862044733
7909,2.615513796817137
7910,2.5962551393604083
7911,3.177359509906925
7912,3.157094299910824
7913,2.4371670249242428
7914,2.771179545911039
7915,2.719712314527984
7916,2.8923113385035304
7917,2.6463587707976695
7918,2.9181035644316706
7919,2.9511534188113164
7920,3.064596244807695
7921,2.841418166566395
7922,2.396850335885095
7923,2.922698553435728
7924,2.909361603197076
7925,2.827956512337939
7926,2.8121582017204396
7927,2.657432219120257
7928,2.552092290884736
7929,2.494232966257163
7930,2.666327578509999
7931,2.6948646002467544
7932,2.6358781030344063
7933,2.5059068521703534
7934,2.2742479381789016
7935,2.56232464810827
7936,3.053901756792292
7937,3.128052551053259
7938,3.033640936272003
7939,3.127891012317481
7940,2.5433479989501655
7941,2.798894547898189
7942,2.8735924080681032
7943,2.920319155787242
7944,2.6153867096746914
7945,2.8046653432366178
7946,2.6384589223184367
7947,2.659581238945439
7948,3.18053331633213
7949,2.2906697785603125
7950,2.7760008265203155
7951,2.5385487257649935
7952,3.046801689092734
7953,2.4767548173843172
7954,2.989250664760453
7955,2.4950671233826234
7956,2.987885293869268
7957,2.702600221020597
7958,2.5820916270576286
7959,2.445710934787939
7960,3.009625110717434
7961,3.0180411912106133
7962,2.832438219917116
7963,2.6158818751966955
7964,2.6962867121457395
7965,2.8128794291448105
7966,2.409435811430889
7967,3.0252030671736856
7968,2.551405948967237
7969,2.717239275334073
7970,2.9482550900353433
7971,2.9350625393982974
7972,2.55479138188786
7973,2.5048678041235775
7974,2.2991050901081787
7975,3.070164485030336
7976,2.2070127247954785
7977,2.9588590616507915
7978,2.966003959938175
7979,2.2416002238674855
7980,3.032557785939037
7981,2.695195244932607
7982,2.8269174969097044
7983,2.868401836543581
7984,2.8279868461817523
7985,2.837551638329347
7986,3.110367464277509
7987,2.8701020741689804
7988,2.831326004354647
7989,2.6045007393073014
7990,2.94549949949906
7991,2.6020249269298343
7992,2.251448090325
7993,2.8770953364891954
7994,2.8378116477738247
7995,2.713241782806717
7996,3.010894810208207
7997,2.9257482028753445
7998,2.7620344877735143
7999,2.9309488019358536
8000,2.810291710033838
8001,2.8752429901512064
8002,2.7658624939886662
8003,2.725458667582337
8004,2.793354531070845
8005,2.5064720508948914
8006,2.54734215895984
8007,2.9694713216339803
8008,2.7132058781757005
8009,2.3308068913178124
8010,2.8771959609111444
8011,3.0339816359597034
8012,2.91380262528819
8013,2.7029176390198986
8014,2.789713355120556
8015,3.190582546160311
8016,3.0133122936475116
8017,2.782325031648891
8018,2.517880322912381
8019,2.8916546828474865
8020,2.745079102346308
8021,2.530429098808038
8022,2.704937932824844
8023,2.919567652099401
8024,3.0667484774330633
8025,2.7348986529631176
8026,3.0184025103166015
8027,2.7044386194999257
8028,2.652614737143444
8029,3.0421772046433224
8030,2.8759181963483433
8031,2.617693893499463
8032,2.5414621104819024
8033,2.5553434391074834
8034,2.7355089196489484
8035,2.6984318459111027
8036,2.726739736727572
8037,2.767689319423873
8038,2.7764799697237628
8039,2.7407376940554378
8040,2.8660848599070197
8041,2.8817598611952677
8042,2.432268617709836
8043,2.967131173673115
8044,2.5926896597363163
8045,2.9780335867997385
8046,2.7611468375280728
8047,3.057322631747616
8048,2.6429749153646607
8049,2.8608962527976125
8050,2.916589272147835
8051,3.0777587470992342
8052,2.2020034115671483
8053,2.5717687296446674
8054,2.5415397602645977
8055,2.959738267400388
8056,2.509076768638539
8057,3.105508595253423
8058,2.659582464392362
8059,2.908352141301995
8060,2.8442691369899777
8061,2.82237039520316
8062,2.871283086079277
8063,3.0511222340163995
8064,2.9971523542284206
8065,2.257988913754847
8066,3.0537798410962846
8067,2.6585650099885143
8068,2.248255155434649
8069,2.6355777097151973
8070,2.805868918724716
8071,2.8340711548256383
8072,2.4074364992863275
8073,2.984981771183502
8074,2.7905928538242026
8075,2.767164963533114
8076,2.6767100661887158
8077,2.986457749579796
8078,2.088410658418349
8079,3.05761993609019
8080,2.5161364559961252
8081,2.8199967566543895
8082,3.0359083705812884
8083,2.4990825983000455
8084,2.7894270184051755
8085,2.9998160779637457
8086,2.737632791885036
8087,2.6658498539260753
8088,2.9317437371940773
8089,2.7692713199530368
8090,2.453804221528461
8091,2.70478022271176
8092,2.895065866482944
8093,2.9002870234849754
8094,2.951569005915283
8095,2.9079056693124947
8096,3.217845636830253
8097,2.8445146484891533
8098,2.8403822976343496
8099,2.8541660780106892
8100,2.9953480266950874
8101,2.4488758107053012
8102,3.1444314225778727
8103,2.277751785389511
8104,2.9015565634268046
8105,2.572859945397247
8106,2.826957756008569
8107,2.715376271739952
8108,2.653221342218233
8109,2.941135586389059
8110,3.012748108280407
8111,2.607256291263051
8112,2.9385257399821834
8113,2.1508091051161533
8114,2.959005378519244
8115,2.953953267371583
8116,2.629224764224606
8117,2.877564453037494
8118,2.998630677928547
8119,2.853701832927369
8120,2.916844229923189
8121,2.790529778265195
8122,2.9474558580241066
8123,2.881853963124172
8124,3.1739913877281505
8125,2.5943567327435755
8126,2.851019828326149
8127,2.8420491220303044
8128,3.017171687516276
8129,3.0651022149816347
8130,2.5722666956936133
8131,2.59671680590947
8132,3.0364818534566425
8133,2.4992286504039716
8134,3.0296489092545063
8135,2.5588894272415086
8136,3.0559533710222175
8137,2.6989395264673033
8138,2.7279468672174874
8139,2.679265140309854
8140,2.6428671208726713
8141,2.670791492496755
8142,2.5668559594653333
8143,2.988788344366239
8144,2.3171250915296566
8145,2.6261195701357343
8146,2.793482683242987
8147,2.8271398921476694
8148,2.174961912260139
8149,2.7710356242018683
8150,3.0766318017116188
8151,2.704261035500947
8152,2.5717913799302563
8153,2.8767413669555038
8154,2.8214729511013443
8155,2.909556554729341
8156,2.7299751555806946
8157,2.7685472863053646
8158,3.0461256423135503
8159,2.827599180035045
8160,3.0100653659231367
8161,2.498758865015905
8162,3.120763935482228
8163,2.8886826302764086
8164,2.73067299242511
8165,2.7222526116343118
8166,2.9144145020251027
8167,3.1578005958258686
8168,2.797342151676751
8169,2.949688819721601
8170,2.9733689506328425
8171,2.946810608549069
8172,2.652400254616033
8173,2.5996377155598465
8174,2.822576246096233
8175,2.8228964112304222
8176,2.4018775652523328
8177,3.0344251542667036
8178,2.7726835977311017
8179,2.7752570841435076
8180,2.7002525366059156
8181,2.8267828746916246
8182,3.0129289924121445
8183,2.8548343809358347
8184,2.6601334610321947
8185,2.8783984622794523
8186,2.7494725398463924
8187,2.9462483401048103
8188,2.889690847401758
8189,2.89797191527259
8190,2.733032104748374
8191,2.5859180983791124
8192,3.1392402743796692
8193,3.1006343990424816
8194,2.9236687856875454
8195,2.8294257229704383
8196,2.6842671558672966
8197,2.9586934285528184
8198,2.9807749209269834
8199,2.8900408486123643
8200,2.9024996449906615
8201,2.8578165315492923
8202,2.612322493259457
8203,2.8674010793669322
8204,2.883929952221961
8205,2.7279553284983993
8206,2.6916580016220637
8207,3.0650811317561866
8208,3.0170643112972497
8209,2.8515715068286864
8210,3.0520565033807108
8211,3.0316919949738
8212,2.782557850993272
8213,2.6063682997332
8214,2.621740585639044
8215,2.5457245089189917
8216,3.095159169936658
8217,2.905101841646717
8218,2.633638180256085
8219,2.9458605656426315
8220,3.0177107218909933
8221,2.516932072692634
8222,2.718457767299465
8223,2.5570068355593993
8224,2.8074848763338607
8225,2.8336803228749337
8226,2.910041839434786
8227,2.959729824043451
8228,2.755893020341543
8229,2.4842541666860507
8230,2.731769449940082
8231,2.8887906949882365
8232,2.8201689605030626
8233,2.983822671233665
8234,2.336208777519868
8235,2.4085574898763165
8236,2.9027471801044364
8237,2.954928668994926
8238,2.4921974630358332
8239,3.0809960823141784
8240,2.6890245719498087
8241,2.787663005280698
8242,2.732458097417727
8243,2.9410140867188836
8244,2.8922735528060226
8245,3.1350880704846835
8246,2.6463601253688394
8247,3.0685289101223026
8248,1.5608154901579263
8249,2.354966364128083
8250,2.896440244517296
8251,3.006834709514246
8252,2.661993403610792
8253,2.979396265113288
8254,2.821865735720911
8255,2.6487926184733057
8256,2.959569734118112
8257,2.5904114600595753
8258,2.847417173488725
8259,2.7486853857747
8260,2.925866498774982
8261,2.8284318367472823
8262,2.934656926007242
8263,2.7752189308263566
8264,2.746408304982114
8265,2.301290195395699
8266,2.5563079966992404
8267,2.643118441309712
8268,2.7163570148748697
8269,2.517243199024117
8270,2.8291899293915352
8271,2.65210711915089
8272,3.1448628017661213
8273,2.586561742091527
8274,2.947051755148911
8275,2.7639442181185814
8276,2.7923119677573256
8277,2.847811416823934
8278,2.6724757193121342
8279,2.91212548950995
8280,2.861889436853496
8281,2.8396622040284125
8282,2.7564194892310803
8283,3.192926087545082
8284,2.635571576426769
8285,2.8454374082126916
8286,2.801649053423453
8287,3.052994640681218
8288,2.512516296824115
8289,2.8082277691283
8290,2.7581564009428963
8291,2.9237741686378445
8292,2.6937553968718153
8293,2.548891054439001
8294,2.7832930696147034
8295,2.3734159579687315
8296,2.57111332312803
8297,2.2733625965875657
8298,2.750190069080204
8299,2.513119093302604
8300,2.423367310186443
8301,2.7293988637594655
8302,2.767363623889965
8303,2.8245260945720774
8304,2.828600351780918
8305,2.937640254046553
8306,2.8333560927357144
8307,2.567577419991148
8308,3.0930222691277214
8309,2.6601247773789716
8310,2.9385443136220926
8311,2.8428966624152245
8312,2.661358867621059
8313,2.8188542764193554
8314,2.930228903169313
8315,2.9270835515816715
8316,2.6903887036040786
8317,3.0230505689619913
8318,2.783336155962661
8319,2.961928032073686
8320,3.0128725785169737
8321,2.647159585103917
8322,2.8806798196933316
8323,2.578496984634012
8324,2.774986433046527
8325,2.5644786481897603
8326,2.8787819236961854
8327,2.6861523303806027
8328,2.529834220368933
8329,2.636798036915053
8330,2.9762005829059435
8331,2.8072135093764783
8332,2.886875178964653
8333,2.676265676420465
8334,2.9233193072361714
8335,2.7578432576570746
8336,2.4144590350122748
8337,2.4737704460738152
8338,3.1534821550808165
8339,2.8487275933899197
8340,2.572793490473836
8341,2.9766571424555313
8342,2.550275462597486
8343,2.574051524678086
8344,3.1495601150359636
8345,2.9103077634859056
8346,2.9504375431063763
8347,3.1478527277092594
8348,2.7410952786943668
8349,2.492594846309964
8350,2.7244713387889443
8351,2.7905997205053716
8352,2.9224308575433957
8353,2.9028225609914076
8354,2.9477415799340942
8355,2.599506370460543
8356,2.802638563498946
8357,2.239832643175403
8358,2.7289575359590246
8359,2.852791664357124
8360,2.744191258929078
8361,3.001755510376272
8362,2.90643137549616
8363,2.7488208474471243
8364,2.384948019469554
8365,2.891644298448462
8366,2.247083402099949
8367,2.644013297635557
8368,2.578243307164506
8369,3.0259016442650037
8370,2.9589166894375665
8371,2.960855494098846
8372,2.9035964738320565
8373,2.993867930346479
8374,2.8985684560654605
8375,2.708985157489904
8376,2.8324148945218144
8377,2.7379667924292095
8378,2.602409159967043
8379,2.899949846822036
8380,3.110309558075333
8381,2.7462493360587286
8382,3.181477679102273
8383,2.9937949534424
8384,2.837725418494041
8385,2.876876722131074
8386,2.671196880779763
8387,2.7257918442601206
8388,2.934431161056098
8389,2.850552871279166
8390,3.0456611441707415
8391,2.738426836581497
8392,2.6372499488204766
8393,2.605145464481983
8394,2.84154346077651
8395,2.790526153220195
8396,2.8628389829065393
8397,2.969627398632285
8398,2.7400016380533403
8399,2.6941555532221315
8400,2.552612258025836
8401,2.8716943531131682
8402,2.6635456142535823
8403,2.7988920818299303
8404,3.015223138015569
8405,2.7120211746698146
8406,2.6465592400771993
8407,2.5743863407240966
8408,2.7078684268645388
8409,3.1659277547456273
8410,2.7820752791204195
8411,2.78708197775728
8412,2.8703926285436454
8413,2.871655413890411
8414,2.953544541894134
8415,2.803399190235214
8416,1.8094243783967028
8417,2.011545009336066
8418,2.9264944774597867
8419,2.8699788977761567
8420,2.868334924973035
8421,3.1712316731643937
8422,2.637991439424732
8423,2.7254931699079132
8424,2.886731990222531
8425,2.91410355012767
8426,2.846252539522003
8427,2.8278651168447673
8428,2.948188764761799
8429,3.1356366228478016
8430,2.7976624514321444
8431,2.704000490994544
8432,2.8606337600562197
8433,3.0898089078542
8434,2.888722092991994
8435,2.486739959249672
8436,2.296390186609931
8437,2.9842754362762207
8438,2.9570991466785856
8439,2.7879195871173326
8440,2.8632789506576706
8441,2.7911788036974325
8442,2.94663403715379
8443,2.612644111618255
8444,3.03041793252604
8445,2.1499602519060725
8446,2.652839853142991
8447,2.8412716262414746
8448,2.238143780841868
8449,2.8704248538226684
8450,2.8667475167316683
8451,2.895712406662647
8452,2.8800341270164083
8453,2.939303000193871
8454,2.531784902472552
8455,2.625422657446279
8456,3.010649309458244
8457,2.792915651242109
8458,2.955648725713061
8459,3.032811175623128
8460,3.032583407194326
8461,3.0494431286603176
8462,2.2214001813785984
8463,2.808980372608679
8464,2.8903774999009086
8465,2.2825449417418686
8466,3.0788830599154497
8467,2.581602510971263
8468,2.872733264973141
8469,2.6152364968091595
8470,2.697739054312467
8471,3.0770057002234417
8472,3.075506111598646
8473,2.907357133415954
8474,3.093999387580385
8475,3.1572984478401405
8476,3.00565591099865
8477,2.9483773118902348
8478,2.61960288349389
8479,2.6805351927381733
8480,3.078170497547651
8481,2.9528644066775485
8482,2.8706390802376127
8483,2.7469025684183834
8484,2.591901072223065
8485,3.0329904491852013
8486,2.720823639628571
8487,2.4120401128840356
8488,2.4987467431171257
8489,2.7352755427026785
8490,2.8501969591206944
8491,2.8949493455365096
8492,2.737099776329819
8493,2.103408872005158
8494,3.0859341129490585
8495,2.6642407243884523
8496,2.768014450329112
8497,2.6763183413365863
8498,2.2450355250622867
8499,2.576753562188835
8500,2.7334407940847614
8501,2.9004966854507703
8502,2.888895965088418
8503,2.745990846335872
8504,2.9397697128670055
8505,2.8051239576848808
8506,3.099927941826272
8507,2.9168157643335006
8508,2.9618526377480725
8509,2.803765428440617
8510,2.8900478908909353
8511,2.5880863861363674
8512,2.896755702286176
8513,2.5808313397352407
8514,2.7453004990818926
8515,2.4741749338917236
8516,2.8106924448491175
8517,2.924248938438222
8518,2.761314942503142
8519,2.8999685023311557
8520,2.473357483391934
8521,2.7395059244593902
8522,2.2357283897818023
8523,2.6406286930480563
8524,2.9308121519021455
8525,2.945191168790254
8526,2.8242008006845447
8527,2.6772573414176595
8528,3.0671469106149485
8529,2.5446429824010695
8530,2.765203275725722
8531,2.329796768746152
8532,2.6743747447742674
8533,3.0842629722749755
8534,3.018221462026168
8535,2.6854298439495228
8536,2.8005695684206295
8537,2.8952848239565965
8538,2.245159810967023
8539,2.6730398180666173
8540,2.7741149667815637
8541,2.815474182454844
8542,3.0425996460288136
8543,2.1986847842602275
8544,2.664886157034643
8545,2.699311425207443
8546,2.6262592696418654
8547,2.939906164596349
8548,2.672024553549763
8549,3.01584324627368
8550,3.0098501234880586
8551,2.705288932798534
8552,2.79093052925872
8553,2.8246576252324
8554,2.8703420171700937
8555,2.775582984900327
8556,2.333225367804399
8557,2.989785060244549
8558,2.7035347335777393
8559,2.8055247114105146
8560,2.9940423607164677
8561,2.2657673888810246
8562,2.6949896084410567
8563,2.9318655226959174
8564,2.697119488635338
8565,2.623184649517536
8566,2.6040400817625566
8567,2.8350812055411696
8568,2.760626511325266
8569,2.6019767384516386
8570,2.789092214681362
8571,2.2074795094921402
8572,2.97591324849617
8573,2.936059048442803
8574,2.805441990591282
8575,2.790697993950947
8576,2.702375736556454
8577,2.6292679480479335
8578,3.033049603894783
8579,2.9201084496186835
8580,3.026975976586762
8581,2.3412946971769832
8582,2.7114412877213625
8583,3.0386853842305594
8584,2.922264371553859
8585,2.9163183803954515
8586,2.257672104654819
8587,2.492010529003822
8588,2.3288355084843326
8589,3.0122665774346618
8590,3.0840814063255135
8591,3.063240775739206
8592,2.835101915111551
8593,2.853387629320321
8594,2.785985406248354
8595,2.941653245739636
8596,2.807148624507019
8597,2.7005850900261263
8598,2.5295286236384333
8599,3.086607309139365
8600,3.1759559193835596
8601,2.9224759105098057
8602,3.092980406444819
8603,3.046053188177801
8604,2.773426523868971
8605,2.622030220701527
8606,3.2219033762078593
8607,2.1592990100476164
8608,2.4188493835013185
8609,2.665522517613622
8610,2.7747383075853387
8611,3.0348964906570592
8612,2.8548306979066607
8613,2.533567724454815
8614,2.845914629793563
8615,2.561462833449253
8616,2.7518027341935394
8617,2.504743657304912
8618,2.7880415598486574
8619,2.7598096446786657
8620,2.3608247984193107
8621,2.66006659720134
8622,2.8886666118656534
8623,2.8343626656958096
8624,2.678859194845348
8625,2.358088831069662
8626,3.002373815094506
8627,2.5815108839852847
8628,2.7807364813382236
8629,2.9264984695444625
8630,2.8750565978090896
8631,2.9546515054442706
8632,2.72680742287471
8633,2.9289149375422885
8634,2.6147088321425853
8635,3.013621093347782
8636,2.8280295582726485
8637,2.663178536722342
8638,2.6140969845020674
8639,2.5638838263480817
8640,2.8403445490807693
8641,2.9090004920467627
8642,2.9543095212472563
8643,2.9465151762015744
8644,2.3903457722986503
8645,2.8410080020570936
8646,2.9009419674773005
8647,2.7634267435279245
8648,3.0392505473350004
8649,2.636353169516066
8650,3.0731815909733102
8651,2.8486878941795086
8652,2.662535871750019
8653,2.8139594853224787
8654,2.915612947740621
8655,2.3594003127239693
8656,2.991336937605715
8657,2.9362524201301947
8658,2.597454985162103
8659,2.7436736657443372
8660,2.887885191462086
8661,2.7550177448484057
8662,3.054021709083373
8663,3.029300856945835
8664,2.897308518184909
8665,2.7261950597897378
8666,2.766681972184924
8667,2.789927491448453
8668,2.50594633988631
8669,2.3776652171789427
8670,2.3955367580264726
8671,2.9338666905154946
8672,2.9152726649500496
8673,2.7693346697076198
8674,2.6235209359760274
8675,2.6402519140049945
8676,2.9684832063455677
8677,3.0902901108222616
8678,2.6798687176672757
8679,2.889468303850679
8680,2.8926412474780943
8681,2.816459937889881
8682,2.927131436469577
8683,2.826467107364676
8684,2.8659932725571475
8685,2.459610889828942
8686,2.96424467275157
8687,2.6720862002517833
8688,2.69054670804894
8689,2.915990896722702
8690,2.575475587134689
8691,2.5274304496880946
8692,2.3543090919290015
8693,2.8485005938055563
8694,2.4541623510582937
8695,1.9904659315521587
8696,2.748286786742586
8697,2.7434146249949887
8698,2.783054091790027
8699,2.982466031747027
8700,2.679280096652455
8701,2.9529089016812384
8702,2.32747714684202
8703,2.9628925622769264
8704,2.690363593420229
8705,2.7814188425767745
8706,2.8368524868972855
8707,2.723375170507033
8708,2.740041425485738
8709,3.004178001720503
8710,2.9297066253358865
8711,3.1709031844464146
8712,2.8740805522482904
8713,2.2374683105091564
8714,2.614644765128727
8715,2.9739160952766923
8716,2.809915408883671
8717,1.9303587031088274
8718,2.3801143706340415
8719,2.4321172531055044
8720,2.907135065943433
8721,2.4571716317576304
8722,2.853085190947481
8723,2.7862945455581416
8724,2.6640011259897833
8725,2.931238796836172
8726,2.734952364765715
8727,2.6603849447424457
8728,2.3082971620909545
8729,2.488849577062155
8730,2.774698743863555
8731,3.0810577610038417
8732,2.7821490516655674
8733,2.800151726370881
8734,2.8987952689090655
8735,2.999566655259924
8736,2.7838052479462196
8737,2.498130458458531
8738,2.981486105853833
8739,3.1120175640458556
8740,2.4731821814490824
8741,2.6376034859631634
8742,3.044929304228816
8743,2.66457594392402
8744,2.7736522539421307
8745,2.8988406091172134
8746,2.8626878520366366
8747,2.4539803683283803
8748,2.946139765875403
8749,3.0960042123313642
8750,2.28474999996274
8751,3.0115964321380306
8752,2.7305368709765063
8753,2.718169796643334
8754,2.505363140070817
8755,2.4037578541705917
8756,2.6910024980237353
8757,2.694538954549879
8758,2.812212385250657
8759,2.589372692661731
8760,3.1528807768800595
8761,2.8559301298152024
8762,2.8192529522201575
8763,2.8425151051389848
8764,2.9028551610672104
8765,2.567416452646372
8766,2.590347220549147
8767,2.852848551058377
8768,3.1575362684777697
8769,3.012820959698324
8770,2.885368429985601
8771,2.94880424931537
8772,2.7669616488105344
8773,2.803601485973524
8774,2.8890675886989117
8775,2.4367372041239195
8776,2.603371275772438
8777,2.4255306272005854
8778,2.9849175050854524
8779,2.848581466807427
8780,3.0278491482473218
8781,2.6497627060240694
8782,2.8563455056653284
8783,3.033366609474262
8784,2.8799626074759326
8785,2.5335252143642157
8786,2.668979429091056
8787,2.847736539249585
8788,2.9750042307591364
8789,2.647532255813173
8790,2.893779744442713
8791,2.925369332407107
8792,2.8653315175654774
8793,2.9263546846328787
8794,2.6412418366236707
8795,2.635729851734046
8796,3.053647565703925
8797,2.6604902129306707
8798,3.1022499884553087
8799,3.055518597766452
8800,2.748422440498969
8801,2.8712876066805606
8802,2.8490461064102712
8803,3.111306875409939
8804,2.977395588561253
8805,2.6888922987538684
8806,2.094988699183141
8807,2.7790491233035466
8808,2.180627766305609
8809,2.7427349573347093
8810,2.821430701034613
8811,2.888390003848252
8812,2.854283051922145
8813,2.9315615909516306
8814,2.6291544600450347
8815,2.9069242129764215
8816,3.0354683976286663
8817,3.0093404633395973
8818,2.7278405005956
8819,3.1232510640262854
8820,2.7878673266316554
8821,2.7709674437963594
8822,2.796450915986991
8823,2.8252036182559106
8824,2.645990424136058
8825,2.4364524798328215
8826,2.8946730656930626
8827,2.9039262081197816
8828,2.204912235986989
8829,2.749948301403319
8830,2.304075661995866
8831,2.587762593154671
8832,2.9050212572464282
8833,2.7030078500613604
8834,2.6723995904507984
8835,2.861845542214194
8836,2.7259575819623914
8837,2.662051346796951
8838,2.2814350227736946
8839,2.957696494423275
8840,2.9253791521910397
8841,2.965969713749825
8842,2.7346807420717183
8843,2.738615874803156
8844,2.844610398401093
8845,2.949997609232253
8846,2.8509969385069374
8847,2.833589212752403
8848,2.725368002399584
8849,2.518760229682055
8850,2.8824861843144176
8851,2.724980638163838
8852,3.035893617039211
8853,2.74590615853393
8854,2.6297799618992945
8855,3.004317867626676
8856,2.993928089789385
8857,2.066718510651129
8858,2.8135317641417337
8859,2.792723591640276
8860,2.5598033724463987
8861,2.843521139320961
8862,2.934745541575847
8863,2.5904462472182757
8864,2.526657744807597
8865,2.9088670364209603
8866,2.7939322006503198
8867,2.9174993267197022
8868,3.056120806557138
8869,2.800964023615859
8870,2.8854400542849645
8871,2.7297810270521485
8872,2.970225616120043
8873,2.953907197751471
8874,2.985280769297402
8875,2.988285809113437
8876,2.9574073977847375
8877,3.0332228164688755
8878,2.9097104460172307
8879,2.68674976121177
8880,3.0326580445166114
8881,2.6455762475903213
8882,2.4598541039543096
8883,2.490283238809958
8884,3.024584531769394
8885,2.281234062099501
8886,2.7364138971587777
8887,2.641103807209677
8888,2.511068298723766
8889,2.7693529265824983
8890,2.7688907107041127
8891,2.7824664976177043
8892,2.701367316250811
8893,2.542566517950392
8894,2.62906636152968
8895,3.0464199492535795
8896,2.7083331864814864
8897,2.8023625759252555
8898,2.5438599224818157
8899,3.0159517036749515
8900,2.6500582913869155
8901,2.7946579781085457
8902,2.8733204530393937
8903,2.190915721181108
8904,2.988608945144319
8905,2.8857465816186947
8906,2.754941749431048
8907,2.6072072183264408
8908,2.846014407355677
8909,2.503761791451157
8910,2.916132843328477
8911,2.6518290331518486
8912,2.9781109816810964
8913,2.884749634598678
8914,3.21542483252628
8915,2.8174089733957217
8916,2.862853388674476
8917,2.9496145630578967
8918,2.641227044835758
8919,2.5142451843196465
8920,2.7392309736280556
8921,2.8893028785263
8922,2.9912693795916203
8923,3.0024589649808346
8924,2.8602534104814055
8925,2.5012716709413896
8926,2.3221386638984978
8927,2.8724491743677807
8928,2.7798804799728924
8929,2.7873522264169113
8930,2.985520716465001
8931,2.7253193001485903
8932,2.786570671967024
8933,2.9760011545062204
8934,3.003860856248319
8935,2.657535390468148
8936,2.9234419009688017
8937,2.8961065083165964
8938,3.0762300009570525
8939,2.9587116191354914
8940,3.0768761401857163
8941,2.5135243227810165
8942,2.5073731907084515
8943,2.7014856925038035
8944,2.8080572799079175
8945,2.8146461177364803
8946,2.6096082356836754
8947,2.9420099737541863
8948,2.7333033843417103
8949,3.069018512389993
8950,2.9138236866427683
8951,2.4670640806309754
8952,2.0153029413703742
8953,2.871885374093945
8954,2.716419339503862
8955,2.8810706694530674
8956,2.816206398623774
8957,2.5046053138430837
8958,3.1024943495571895
8959,3.0921494403454473
8960,2.886326236060955
8961,2.7441679594475783
8962,3.0576407459796324
8963,2.868636536917075
8964,2.761531806525633
8965,2.76899083049907
8966,2.9483152447751957
8967,2.7347855334457143
8968,2.8253648523478434
8969,2.603112557647747
8970,2.855893031685389
8971,2.9495298658337132
8972,2.0541446975872724
8973,2.6821386674632524
8974,2.627398463979256
8975,2.9177604229258054
8976,3.031022993981736
8977,2.85005481786651
8978,2.6133488811356793
8979,2.6366627610143536
8980,2.8815376623115694
8981,2.883232555516363
8982,2.8332240043837227
8983,2.689073195121825
8984,2.846951687224917
8985,2.4157693535931846
8986,2.659724332208566
8987,2.4071490309846553
8988,2.7284957385310333
8989,2.70778922770242
8990,2.7080784170434753
8991,2.4451724406276085
8992,2.9525849990156297
8993,2.8160341129887385
8994,2.5087960558195315
8995,3.0719138326706776
8996,2.684837642193163
8997,2.619703632677144
8998,2.676364639882637
8999,2.5382147764985152
9000,2.8248844606993995
9001,2.8527778661646903
9002,2.9382520167739403
9003,2.9569757329231523
9004,2.9605642780860797
9005,2.834295430774163
9006,2.66391308640679
9007,2.808362491230257
9008,2.850033077402889
9009,2.603017197222898
9010,2.5509567249699754
9011,2.35970662148645
9012,2.7639088187560463
9013,2.9222373919698934
9014,1.922448536420568
9015,2.7846823643025194
9016,2.8645079929538415
9017,2.8665716857159595
9018,2.752069204201338
9019,2.8756159003397928
9020,2.9977820915371964
9021,3.01987994673676
9022,2.711762181601524
9023,3.0528556196146788
9024,2.8318128104574285
9025,2.461156854074794
9026,2.4454770723505703
9027,2.43483221703479
9028,2.5855545150076806
9029,2.8339319622077195
9030,2.9466763941595593
9031,3.022203103726326
9032,2.9168278604692683
9033,2.6911103088723385
9034,2.9598105782029718
9035,3.0802461485794566
9036,3.005456509048131
9037,2.8923176680363407
9038,2.764750002053895
9039,2.701590282393769
9040,3.1610869158428163
9041,2.760528802773791
9042,2.5192836648808665
9043,2.703568932548934
9044,2.508390636866578
9045,2.527567241282652
9046,2.859548271636645
9047,3.1257948869200116
9048,2.9975508008336074
9049,2.3329688568175158
9050,2.650507949329708
9051,2.7371504234167245
9052,2.8671722925338297
9053,2.925834678190506
9054,2.822165182834503
9055,2.7804269525008136
9056,2.927868947013212
9057,3.008111522270577
9058,2.8196028263918214
9059,3.027652032953304
9060,2.5616806967944767
9061,3.056070863027498
9062,2.948585325847334
9063,2.9065277205129534
9064,2.663395535196262
9065,2.9127433715245195
9066,2.750103247913946
9067,2.7416158063937592
9068,2.692863461753861
9069,2.813615697258413
9070,2.652906980979773
9071,2.7945733952399805
9072,2.8677567694248336
9073,2.9926685324927544
9074,2.7343426149207755
9075,3.003248505828818
9076,2.6539242835564543
9077,2.9010312661596704
9078,3.009933497068175
9079,2.984541184389502
9080,2.9159568203498276
9081,2.7690664863367025
9082,2.3387541889076475
9083,2.5677467104353897
9084,2.971347420353464
9085,2.783321914970993
9086,2.6530081350533226
9087,2.608358419735089
9088,2.4781052243220762
9089,2.346826452822671
9090,2.810038430790198
9091,2.866481710092204
9092,3.0512054150628947
9093,2.9654186037005568
9094,2.8464755383854077
9095,2.8272392326746734
9096,2.8156852585657974
9097,2.846081859328631
9098,2.5387919768717078
9099,2.9129913553685145
9100,3.198460560461942
9101,2.8150202600597702
9102,2.643059744582432
9103,2.7342305876247472
9104,2.682637208711626
9105,2.8777601857269715
9106,2.2894810307345272
9107,3.0431892952306168
9108,2.9100074983513626
9109,2.912258976460995
9110,2.586237531581749
9111,3.1144382314823416
9112,2.3042270351644447
9113,3.059351884729292
9114,2.438259207979269
9115,2.65151330339138
9116,2.8609106019727015
9117,2.892151548138568
9118,2.759022941765745
9119,2.744549056892248
9120,2.9526343127174983
9121,2.950430658047826
9122,2.0865779623455114
9123,2.3249971686113264
9124,2.502251853022925
9125,2.7885235936562336
9126,2.81932107090046
9127,2.9200756957896785
9128,2.6737171883278794
9129,2.991369414771826
9130,2.8412298933593854
9131,2.845708241513093
9132,2.415415360103931
9133,2.821377743489475
9134,2.8312018013844424
9135,2.4489628160476444
9136,2.543548168179289
9137,2.7164843728708803
9138,2.948442069561514
9139,2.357302975230582
9140,2.5364031875050936
9141,2.8573582755781577
9142,2.9878503074305542
9143,2.648952522444969
9144,2.8048301521549233
9145,2.591549457266606
9146,2.134098783382057
9147,2.8098875048661203
9148,2.5879893845473356
9149,2.8398205705553767
9150,2.8387282741771505
9151,2.638363908382127
9152,2.994212122592936
9153,2.7609490678476387
9154,3.0429366364660564
9155,2.7188112256350365
9156,2.7546238402139247
9157,2.840187003859974
9158,3.1722496979169152
9159,3.0221864427871004
9160,3.045363970864193
9161,2.9460006017807494
9162,2.61845596909613
9163,2.443236637507116
9164,2.987071248612762
9165,2.756241649513493
9166,2.840779828217482
9167,2.757017144225621
9168,2.8507259137412713
9169,2.756914351304635
9170,2.970660158942421
9171,2.854183976696205
9172,2.4033356942624775
9173,2.914372442161264
9174,2.8743886736116204
9175,2.766948212206915
9176,3.021937582142983
9177,2.3902855905764486
9178,2.7562492578729483
9179,2.308509561744781
9180,1.8647799428134226
9181,2.8990610480334125
9182,2.400589883258341
9183,2.382017003573215
9184,2.6905475943549755
9185,2.800240314012566
9186,3.029093234447525
9187,3.0590698074118423
9188,2.8525220990559434
9189,2.4678314133850843
9190,2.984622967032933
9191,2.8788750148569844
9192,2.7193270755723065
9193,2.699093175192036
9194,2.6055757099248513
9195,2.777259896513277
9196,2.3610658531456954
9197,2.6621974619329087
9198,2.8018443751094106
9199,2.966086303140266
9200,2.812355830509893
9201,2.323149032241111
9202,2.681384932715193
9203,3.055272503030509
9204,3.0227042529076034
9205,2.8324185183240944
9206,2.9121484922379413
9207,3.075464395324981
9208,2.8067190731225486
9209,2.836899342243604
9210,2.858001986757332
9211,3.1236165011386507
9212,3.052426337158235
9213,2.877774542122475
9214,2.4864785654864785
9215,2.663145785498993
9216,2.6665477754264995
9217,2.9088104638288037
9218,2.911305674440919
9219,2.4982143924448708
9220,2.921025148379039
9221,2.980509772389703
9222,2.8655326032764106
9223,2.7420038344143975
9224,2.6960724288020117
9225,2.6859118294445468
9226,2.7845497271415907
9227,3.1736560854106
9228,2.975852375085085
9229,2.882222953856722
9230,3.0318831320701323
9231,2.977499230613566
9232,2.777886389816475
9233,2.6653997082982555
9234,2.7164031917936757
9235,3.1856700210927507
9236,3.055753211818117
9237,2.8856415238214286
9238,2.851086582083815
9239,2.797980516225173
9240,2.5997742958720464
9241,2.9915687046892345
9242,2.2838946203535695
9243,2.728048974977902
9244,2.7794112314204815
9245,2.8165507752656893
9246,2.886028918489317
9247,2.86372140643829
9248,2.5790032887409766
9249,3.0005626364753253
9250,3.0335707452218177
9251,3.0108053911708756
9252,2.6985114309387583
9253,3.0467576879806675
9254,2.8871252429286316
9255,2.8132668936748737
9256,2.5943262723018305
9257,2.9154255820181714
9258,2.9571588729657248
9259,2.9922715843606644
9260,2.9287318646101825
9261,2.451014198534185
9262,3.2210645761771115
9263,2.7113299819844974
9264,2.6716693777723264
9265,2.769053769857503
9266,2.7900246009083736
9267,2.8617068656019122
9268,2.8872306414998183
9269,3.0251762485872455
9270,2.7130978806952686
9271,2.6954698337606904
9272,2.7273770225191973
9273,3.036356947483005
9274,3.0844142826311582
9275,2.823833256311992
9276,2.7869441015450884
9277,3.0214919385573578
9278,2.9890514547282727
9279,2.734263591604667
9280,2.7083135660076536
9281,2.315685350172214
9282,2.5283224067666406
9283,2.2461260594223234
9284,2.879814306624856
9285,2.9861333490078015
9286,2.896121025446674
9287,2.7868543029933392
9288,2.747934164328282
9289,2.541004944771427
9290,2.948375107224704
9291,2.9923253092727147
9292,3.0816654237653287
9293,2.915627160784472
9294,3.202186590680071
9295,2.933413055954242
9296,2.380008750323695
9297,3.0194738881904875
9298,2.795095721942761
9299,2.5332039013231413
9300,2.688228406032608
9301,2.907594477423063
9302,2.2776256953586427
9303,3.1805696441170555
9304,2.7802236751937435
9305,2.984664471745276
9306,2.8422721260755757
9307,2.7556819765404654
9308,3.0514372712802027
9309,3.0232974458737045
9310,2.4493956290091448
9311,2.754271075400652
9312,2.7943115111536017
9313,2.4225566421218248
9314,3.064226806399526
9315,2.634815649032725
9316,1.9962476138636047
9317,2.445196496971044
9318,3.0919711387648756
9319,2.9201656959709292
9320,2.6994579292081142
9321,2.9576730172328958
9322,2.968201314260746
9323,2.812555430221122
9324,2.744191679827367
9325,3.049744892350563
9326,2.8523588399485558
9327,2.796666163444053
9328,2.845823726713024
9329,2.819507880792223
9330,2.558366329393997
9331,2.7396830826138725
9332,2.8322519208543118
9333,2.9205844290259138
9334,2.993125417058902
9335,2.6571166655493323
9336,3.0597606389519174
9337,2.9162478069632907
9338,2.431205563888566
9339,2.999425407402667
9340,2.9192386737303457
9341,2.7757259518437785
9342,3.109153863268297
9343,2.8299178849692836
9344,2.932837558800149
9345,2.6598314841519484
9346,2.7261715094983576
9347,2.5985542817159386
9348,3.071565698524812
9349,2.706208577209627
9350,2.947668496767191
9351,2.600402958755898
9352,2.9621161450535425
9353,2.9298157462480714
9354,2.782081272767095
9355,2.9336220223824334
9356,2.990554088456846
9357,2.7981452335821806
9358,2.7384980882312178
9359,2.732225460739322
9360,2.8040258404871574
9361,2.702319775899158
9362,3.118513396711597
9363,2.7227926640877405
9364,2.774435666136902
9365,2.76023570932733
9366,2.9260066933524693
9367,2.625914035105236
9368,2.960141954349473
9369,2.839780541471215
9370,2.5550894044331636
9371,3.00535930870269
9372,2.7695358253487186
9373,2.5858413587334814
9374,2.572399232399293
9375,2.60306023716096
9376,2.723339886938372
9377,2.822331266491332
9378,2.7149824579282202
9379,2.7742211011981714
9380,2.6528517443980917
9381,2.9116320404609897
9382,2.840066351881661
9383,2.9368563503063245
9384,2.611564322151194
9385,2.7874951976840174
9386,2.793922601617242
9387,2.723454240540402
9388,2.9454033998194498
9389,2.6928461324269066
9390,2.996121728750983
9391,2.8438735889395788
9392,2.837807287140376
9393,2.696953148613806
9394,2.4743371798550005
9395,2.6720155522441473
9396,2.4983434866308194
9397,2.9246417845137542
9398,3.145963299658557
9399,3.0267568093427206
9400,2.919342301506258
9401,2.9938941798112593
9402,2.873787308598732
9403,2.7042965120556093
9404,3.1631760709927015
9405,2.795808144635455
9406,2.759215603097524
9407,2.87379165898216
9408,2.6288210329374744
9409,2.555641617486533
9410,2.7899721128514923
9411,2.4289550214582607
9412,2.9053428983881115
9413,3.0435244687760967
9414,2.930102444520374
9415,2.9888733110744035
9416,3.0110729805910252
9417,2.91913598173109
9418,2.7625619791283533
9419,2.409413980183056
9420,2.7954898158564885
9421,2.663951930110713
9422,2.8445904164253366
9423,3.0147424867199377
9424,3.0286172999458874
9425,2.8478884044921644
9426,2.821243878861649
9427,2.846195776885649
9428,2.5612103223381646
9429,2.706808255584755
9430,2.5412233537542837
9431,2.7881066527076
9432,2.748090185237806
9433,3.0557534687348995
9434,2.5185832850968892
9435,2.732985616366793
9436,2.348952854305309
9437,2.8215822744951113
9438,2.2959580455511923
9439,2.73064116018505
9440,2.593974096219802
9441,2.9172362725780747
9442,2.8042915919503497
9443,3.0261836014131442
9444,3.0460622775480894
9445,3.052088509815401
9446,2.5123680408655504
9447,2.4481600100765504
9448,2.6335394857308185
9449,2.4415697087719863
9450,2.97732741834359
9451,2.4036466869228676
9452,3.0392480512083444
9453,2.6866989359435935
9454,2.6636501300770736
9455,2.832020626552537
9456,2.7115730451875777
9457,2.8611875458999805
9458,3.187561008912391
9459,2.758411083323327
9460,2.8978627779278017
9461,2.9411924706469406
9462,2.7979709106131954
9463,2.6742405440711234
9464,2.7648307133676653
9465,2.220332518548207
9466,3.050332089512695
9467,2.583188357647588
9468,2.814191670772993
9469,3.066884908844744
9470,2.806740557129576
9471,2.8918029723112655
9472,2.7622140281912566
9473,2.820811443827864
9474,2.905784416918934
9475,2.3074711848871177
9476,3.026292792570688
9477,2.6061475455743146
9478,3.034398976656903
9479,2.450484290074216
9480,3.024062137934704
9481,2.403611945835165
9482,2.984520336012435
9483,2.6946448629760904
9484,2.5550014947578754
9485,2.8198243530652256
9486,2.7563950773514097
9487,2.956902305035332
9488,2.5485858361759193
9489,2.973031348531108
9490,1.9832449769465723
9491,2.830768585586433
9492,2.5634162758391463
9493,2.783275546125104
9494,2.842948328231155
9495,3.009791912901191
9496,2.781187889413455
9497,2.7484034893771505
9498,2.9005872848920426
9499,2.8922455884440037
9500,2.827762004414998
9501,2.9287171924356987
9502,2.922794935855316
9503,2.9343536081690944
9504,2.619981706785317
9505,2.6250264905633447
9506,3.044996633712401
9507,2.965977030415636
9508,2.6942635482020343
9509,3.038836028214807
9510,2.804378338191891
9511,2.9586366184615676
9512,2.5339165393433163
9513,2.813997297511722
9514,2.9031338081916855
9515,2.5560818677857764
9516,2.6764175511098713
9517,2.8219834901081677
9518,2.913120602419296
9519,2.9130498622445917
9520,2.397122823665725
9521,2.71485707913119
9522,2.4355251804997144
9523,2.9675920079037192
9524,2.3632872610613385
9525,2.895507969348185
9526,2.8500232573368045
9527,2.819469834448493
9528,2.553613264987865
9529,3.0319848237328157
9530,2.931670231612476
9531,2.844114032847919
9532,3.055155755622234
9533,2.5392324825471713
9534,2.4352992428994975
9535,2.264329392657128
9536,2.902796300049655
9537,2.664861468238187
9538,2.850273443638549
9539,2.5707764262466757
9540,2.6465805658040877
9541,2.798364060623897
9542,2.775109321478457
9543,2.504686154057113
9544,1.7671007930721527
9545,2.6151821728677587
9546,2.7781299221036044
9547,2.779090777022416
9548,2.56676078845216
9549,3.075857178320563
9550,2.8126981911297917
9551,2.5839860998655566
9552,2.6423961062168018
9553,2.9627861263348536
9554,2.529967804684135
9555,2.853343976175648
9556,2.511091363178484
9557,2.8198897146931574
9558,2.8080597443234008
9559,2.880908170670391
9560,2.8418318955142183
9561,2.86165167643005
9562,2.9838756750039015
9563,2.435282709002146
9564,2.233513853142504
9565,2.8087249607261664
9566,3.0585622442356017
9567,2.6011019663528607
9568,2.9209489294506565
9569,2.7403926269697823
9570,2.9539351179098965
9571,2.8292707949623153
9572,2.51336504434751
9573,2.494788545154974
9574,2.5544095784596212
9575,2.820523081432125
9576,2.6749216667734883
9577,2.8411590358029795
9578,2.4980943635275907
9579,2.7884523976006808
9580,2.885584000763105
9581,2.860691584725556
9582,2.9113900588380393
9583,2.9041165798101867
9584,2.8760586149352614
9585,2.8381349609568542
9586,2.611226156047363
9587,2.7545091595140985
9588,2.9943124183995162
9589,3.0395998880141466
9590,2.715324305921213
9591,2.5517430134169223
9592,2.9323961134369645
9593,2.655752459522574
9594,2.5474779504409684
9595,2.7971610917721597
9596,2.6193881799921175
9597,2.5252531798187525
9598,2.8684528505789406
9599,2.8102181207242127
9600,2.959424186122552
9601,2.5975874431086723
9602,2.892914737189202
9603,2.9248847672380895
9604,2.711780471957106
9605,2.6136976057116668
9606,2.9717148536962266
9607,2.4435375156729076
9608,2.6331401988335763
9609,2.577973640508551
9610,2.9616387139558786
9611,2.80278305019568
9612,2.9633190245616063
9613,2.9079387412234152
9614,2.9231907197005533
9615,2.67410146477363
9616,2.8797514732093825
9617,3.105361523765339
9618,2.781670164207302
9619,3.035158887516252
9620,2.9095712140765326
9621,2.5248459308605073
9622,3.0655608410185
9623,3.015036301180638
9624,2.8878127461554435
9625,2.8901431302317673
9626,3.1149194533937123
9627,2.8652487268776636
9628,2.7832851727776147
9629,2.880029949360153
9630,2.7376433053306153
9631,2.906059112818087
9632,2.6106883226380506
9633,2.799915511934975
9634,3.1609203387204174
9635,3.051392217908025
9636,2.7039430698854576
9637,2.8819925152672607
9638,2.772536253447695
9639,2.960817231810184
9640,3.0337565312458317
9641,3.1160260363654833
9642,2.6569041372453133
9643,3.032057502211483
9644,2.949580513663424
9645,2.8120117857082483
9646,2.7302428062355064
9647,3.0969024274579926
9648,2.9012960131558017
9649,2.7562995913594937
9650,2.8385162870038187
9651,2.726747497564527
9652,2.654853079337277
9653,2.934435107184325
9654,2.885717899468554
9655,2.6036267111002
9656,2.5330164633992758
9657,2.894429371961631
9658,2.721987565367099
9659,2.952970970739843
9660,2.6190246355078037
9661,3.02278579897196
9662,2.688120793939482
9663,2.4789465783302203
9664,2.851678269044774
9665,3.0426079271317796
9666,2.7018642107776514
9667,2.441637228026395
9668,2.2782023003486374
9669,2.9039583467996053
9670,1.995889418401985
9671,2.892665274200053
9672,2.892356582726629
9673,2.618471213184388
9674,2.5199552329343393
9675,2.845434434361751
9676,2.745520242136719
9677,2.9116390396253617
9678,3.229445274194779
9679,2.7223729638321257
9680,2.787114706276244
9681,2.445397967468647
9682,2.7098463625231566
9683,2.9777919986127324
9684,2.741139726363413
9685,2.745651077466685
9686,2.7607254658723757
9687,2.949244597030727
9688,3.033383041934385
9689,2.831838547803658
9690,2.511644815921248
9691,2.357599042595176
9692,2.553236211451658
9693,2.9603186186909287
9694,2.9166510799500207
9695,2.840171984194108
9696,2.9334698362623643
9697,2.990903954142063
9698,2.867050945735347
9699,2.7414988803119327
9700,2.8067935954672047
9701,2.7886679524091362
9702,2.938853790873785
9703,2.8194288448397296
9704,2.717324603876021
9705,2.876608609770029
9706,2.6215646214586403
9707,2.714993283235247
9708,2.247179218250959
9709,3.0598973401141163
9710,2.565351541722436
9711,2.795611644180828
9712,2.114915506327224
9713,2.8509797511509776
9714,2.9828879389735072
9715,2.8289880346244134
9716,2.55508668664733
9717,2.3782907320948254
9718,2.585346642914943
9719,2.942165727360489
9720,3.1023560007212136
9721,2.9043666349056125
9722,2.85089833022814
9723,2.648843498696139
9724,2.7276276476984966
9725,2.9471612714748643
9726,2.9658932616297102
9727,2.764549551729291
9728,2.503058779710972
9729,2.481398584402058
9730,2.792800936051726
9731,2.816636475010898
9732,2.9126387977671486
9733,2.594881094630754
9734,2.882439174122847
9735,2.542642844764185
9736,2.717124316047214
9737,3.004664867654086
9738,2.862262054203575
9739,2.6462111187177815
9740,2.9701324851542026
9741,3.0694806730480093
9742,2.8899966556258003
9743,2.9004430971517734
9744,2.865281467465537
9745,2.7068093077295767
9746,2.833529209072167
9747,2.862979073137704
9748,2.273907442620935
9749,2.5434824631451756
9750,2.6548837523941144
9751,3.16340389338999
9752,2.870163144157064
9753,2.855845037590944
9754,2.9832797249125584
9755,2.9880911603454794
9756,2.723644538248905
9757,2.617817187424844
9758,2.5674855855732828
9759,2.4213593862688385
9760,2.876815452625211
9761,2.6174357263578005
9762,2.80216175950109
9763,2.886743290773224
9764,3.0492199832678435
9765,2.6061289972395922
9766,3.0299196662117946
9767,2.6668831055926914
9768,3.076090903238752
9769,2.7620339101177653
9770,2.893792805425384
9771,2.829220369610233
9772,2.955755344778507
9773,2.6619571115913425
9774,2.5578811331318603
9775,2.982685420289359
9776,2.358905141754504
9777,2.777307829485166
9778,2.66255311323337
9779,3.071140951714117
9780,2.6940106515509434
9781,2.936411980603322
9782,3.084425084898315
9783,2.8217426110344386
9784,2.703700335519883
9785,2.6525791734553357
9786,2.7036969695422233
9787,2.7966575977546726
9788,2.4615482391766195
9789,2.759486666861902
9790,2.4608785775647966
9791,2.91585079573027
9792,2.9330914573681444
9793,2.9644671198123933
9794,2.3006087416690755
9795,2.839352891499873
9796,2.9281314405231473
9797,3.104521176977351
9798,3.0241274713901234
9799,2.7121758737784596
9800,2.945579522717028
9801,1.6866828446236022
9802,3.1460986370500925
9803,2.6466990416147467
9804,3.023247892238575
9805,2.892611756441984
9806,2.438320820476342
9807,2.821247824034707
9808,2.6699419936301396
9809,2.9841973788470417
9810,2.921477740089808
9811,2.766537989513842
9812,2.8162802033972656
9813,2.968750571407681
9814,2.8433127443954973
9815,2.659922258374388
9816,2.1351356797031396
9817,2.547430909208996
9818,2.805368888160171
9819,2.9014218461341303
9820,2.794709937164022
9821,3.001278097301339
9822,2.877834097593231
9823,2.9922804535340872
9824,2.957171767689019
9825,2.816545350945444
9826,2.819551737697994
9827,2.811752675599869
9828,2.954254177327285
9829,2.692066034653515
9830,2.8618910145487098
9831,2.5500128889160645
9832,2.7667583540204284
9833,2.7268210580142833
9834,2.8217070463513236
9835,2.7489432580807227
9836,2.665448082483211
9837,2.519351518929001
9838,3.012464765129441
9839,2.7813329843694183
9840,3.0386036142956843
9841,3.194722292143569
9842,2.663065156285197
9843,2.540227107229335
9844,2.8539435672987645
9845,2.6326638566181093
9846,2.9019172501520227
9847,2.8672033119927214
9848,2.617915396770262
9849,2.8179880039387735
9850,2.964873784879163
9851,2.837097741011755
9852,2.8097545019039916
9853,2.4570248178798972
9854,2.7847242840346067
9855,2.916110964643016
9856,2.550292284279329
9857,2.7025598122808048
9858,2.8579812918351646
9859,2.8859627391415263
9860,2.8993844503814765
9861,3.0257008980911215
9862,2.8200275473486762
9863,3.026959311406441
9864,2.979111622202121
9865,2.9177623347845283
9866,2.968344195834426
9867,2.7969826572459757
9868,2.6034277485604274
9869,3.004408608573219
9870,2.658828002881592
9871,2.9553441253635877
9872,2.764185859896015
9873,3.0420227121932375
9874,3.034704842185578
9875,3.039516538985342
9876,2.7361821550218344
9877,2.7836823254181913
9878,3.1502554714732622
9879,2.625015932696198
9880,3.0502917734134156
9881,2.2991434210678596
9882,2.393737352272302
9883,2.9400615815949185
9884,2.7769054931461303
9885,2.3967388364098823
9886,2.9642160320445177
9887,2.9200486075037975
9888,2.6963038498785727
9889,2.8365072322617566
9890,2.4013396984949678
9891,2.2926740540955235
9892,3.1900957493420874
9893,2.1848648258633645
9894,3.0238853642269383
9895,2.766770014631181
9896,2.742129912108645
9897,2.6078867031672397
9898,2.803443960573474
9899,2.8075058805371453
9900,2.7329027008589444
9901,2.423843196871314
9902,2.988042465276838
9903,2.7960783124602
9904,2.66973121993986
9905,2.8212584498421993
9906,2.776769498100487
9907,2.82828583243218
9908,2.8128761620238154
9909,2.9613728314448395
9910,2.4497728736986186
9911,2.8125234691931906
9912,2.6786776603462092
9913,3.073170386715065
9914,3.0887913390890898
9915,2.678943411185259
9916,2.5732558197681104
9917,2.8471261826964036
9918,2.827529297125727
9919,3.197825103799732
9920,2.941543579860774
9921,2.9282301842050127
9922,2.972238455131785
9923,2.934673973666926
9924,2.7452986160948374
9925,2.7591244230214675
9926,2.9768988869339372
9927,3.0796714171487483
9928,2.8554114063534635
9929,2.96807766399562
9930,2.7846767659283285
9931,2.7668083190360857
9932,2.7741121853197073
9933,2.9861785910989633
9934,2.970334238420495
9935,2.940935762582834
9936,2.659394587315277
9937,2.646068955718944
9938,2.7379005629648647
9939,2.9948067789386537
9940,2.728873286520621
9941,2.999961108989255
9942,2.982158554211081
9943,3.1530309786637725
9944,2.7673390361372685
9945,2.5527000458067333
9946,2.730413334184645
9947,2.743603365305735
9948,2.5489465498948296
9949,2.851183641765887
9950,2.6044798418112567
9951,2.2965834578619395
9952,2.9593130634923748
9953,3.1198718357639366
9954,2.3222104681675435
9955,2.880388854311602
9956,2.8241132376454305
9957,2.9636327823796798
9958,2.6453985270449007
9959,2.943336805363855
9960,2.9219566245782023
9961,2.4451472856691994
9962,2.8344897101281674
9963,2.901442865536112
9964,2.7744376716710373
9965,2.788611744592858
9966,2.5528099052476567
9967,2.9563409879737943
9968,2.992145752244448
9969,2.4373621397642045
9970,2.8800797795674735
9971,2.691420701048568
9972,2.5807867264934354
9973,2.862012907416168
9974,2.792378272182454
9975,2.5767521971135476
9976,2.6359105801714335
9977,2.776881024638447
9978,3.065176432921462
9979,2.7587923749324545
9980,2.8569197313171806
9981,2.9476284236787813
9982,2.468889346049513
9983,2.8334659068725894
9984,2.928845438991801
9985,2.930344962653674
9986,2.853109239975043
9987,2.7418406180662633
9988,3.1209313410836472
9989,2.695352748333238
9990,3.0934500930781645
9991,2.9429118800732113
9992,2.975822909192455
9993,2.8021979160430623
9994,2.303275270376971
9995,2.7508350191757747
9996,2.8789215891511537
9997,2.739284985827836
9998,2.9323781566804956
9999,3.040219918504881
